search,heuristic,task,expandedNodes,searchTime

greedy_best_first_search,EuclidianUnequalAxisHeuristic,/gdisk/ki/home/mgehring/pyperplan-main/benchmarks/airport/task01.pddl,15,0.0059
greedy_best_first_search,EuclidianUnequalAxisHeuristic,/gdisk/ki/home/mgehring/pyperplan-main/benchmarks/airport/task02.pddl,16,0.0064
greedy_best_first_search,EuclidianUnequalAxisHeuristic,/gdisk/ki/home/mgehring/pyperplan-main/benchmarks/airport/task03.pddl,124,0.074
greedy_best_first_search,EuclidianUnequalAxisHeuristic,/gdisk/ki/home/mgehring/pyperplan-main/benchmarks/airport/task04.pddl,21,0.013
greedy_best_first_search,EuclidianUnequalAxisHeuristic,/gdisk/ki/home/mgehring/pyperplan-main/benchmarks/airport/task05.pddl,31,0.017
greedy_best_first_search,EuclidianUnequalAxisHeuristic,/gdisk/ki/home/mgehring/pyperplan-main/benchmarks/airport/task06.pddl,227,0.44
greedy_best_first_search,EuclidianUnequalAxisHeuristic,/gdisk/ki/home/mgehring/pyperplan-main/benchmarks/airport/task07.pddl,244,0.47
greedy_best_first_search,EuclidianUnequalAxisHeuristic,/gdisk/ki/home/mgehring/pyperplan-main/benchmarks/airport/task08.pddl,1712,8.0
greedy_best_first_search,EuclidianUnequalAxisHeuristic,/gdisk/ki/home/mgehring/pyperplan-main/benchmarks/airport/task09.pddl,7525,6.7e+01
greedy_best_first_search,EuclidianUnequalAxisHeuristic,/gdisk/ki/home/mgehring/pyperplan-main/benchmarks/airport/task10.pddl,19,0.016
greedy_best_first_search,EuclidianUnequalAxisHeuristic,/gdisk/ki/home/mgehring/pyperplan-main/benchmarks/airport/task11.pddl,31,0.02
greedy_best_first_search,EuclidianUnequalAxisHeuristic,/gdisk/ki/home/mgehring/pyperplan-main/benchmarks/airport/task12.pddl,205,0.46
greedy_best_first_search,EuclidianUnequalAxisHeuristic,/gdisk/ki/home/mgehring/pyperplan-main/benchmarks/airport/task13.pddl,210,0.47
greedy_best_first_search,EuclidianUnequalAxisHeuristic,/gdisk/ki/home/mgehring/pyperplan-main/benchmarks/airport/task14.pddl,1639,9.1
greedy_best_first_search,EuclidianUnequalAxisHeuristic,/gdisk/ki/home/mgehring/pyperplan-main/benchmarks/airport/task15.pddl,1889,1.1e+01
greedy_best_first_search,EuclidianUnequalAxisHeuristic,/gdisk/ki/home/mgehring/pyperplan-main/benchmarks/airport/task16.pddl,13116,1.6e+02
greedy_best_first_search,EuclidianUnequalAxisHeuristic,/gdisk/ki/home/mgehring/pyperplan-main/benchmarks/airport/task17.pddl,56398,1.2e+03
greedy_best_first_search,EuclidianUnequalAxisHeuristic,/gdisk/ki/home/mgehring/pyperplan-main/benchmarks/airport/task18.pddl,
greedy_best_first_search,EuclidianUnequalAxisHeuristic,/gdisk/ki/home/mgehring/pyperplan-main/benchmarks/airport/task19.pddl,26276,5.7e+02
greedy_best_first_search,EuclidianUnequalAxisHeuristic,/gdisk/ki/home/mgehring/pyperplan-main/benchmarks/airport/task20.pddl,
greedy_best_first_search,EuclidianUnequalAxisHeuristic,/gdisk/ki/home/mgehring/pyperplan-main/benchmarks/airport/task21.pddl,936,6.1e+01
greedy_best_first_search,EuclidianUnequalAxisHeuristic,/gdisk/ki/home/mgehring/pyperplan-main/benchmarks/airport/task22.pddl,1005,1.6e+02
greedy_best_first_search,EuclidianUnequalAxisHeuristic,/gdisk/ki/home/mgehring/pyperplan-main/benchmarks/airport/task23.pddl,
greedy_best_first_search,EuclidianUnequalAxisHeuristic,/gdisk/ki/home/mgehring/pyperplan-main/benchmarks/airport/task24.pddl,
greedy_best_first_search,EuclidianUnequalAxisHeuristic,/gdisk/ki/home/mgehring/pyperplan-main/benchmarks/airport/task25.pddl,
greedy_best_first_search,EuclidianUnequalAxisHeuristic,/gdisk/ki/home/mgehring/pyperplan-main/benchmarks/airport/task26.pddl,
greedy_best_first_search,EuclidianUnequalAxisHeuristic,/gdisk/ki/home/mgehring/pyperplan-main/benchmarks/airport/task27.pddl,
greedy_best_first_search,EuclidianUnequalAxisHeuristic,/gdisk/ki/home/mgehring/pyperplan-main/benchmarks/airport/task28.pddl,
greedy_best_first_search,EuclidianUnequalAxisHeuristic,/gdisk/ki/home/mgehring/pyperplan-main/benchmarks/airport/task29.pddl,
greedy_best_first_search,EuclidianUnequalAxisHeuristic,/gdisk/ki/home/mgehring/pyperplan-main/benchmarks/airport/task30.pddl,
greedy_best_first_search,EuclidianUnequalAxisHeuristic,/gdisk/ki/home/mgehring/pyperplan-main/benchmarks/blocks/task01.pddl,7,0.0034
greedy_best_first_search,EuclidianUnequalAxisHeuristic,/gdisk/ki/home/mgehring/pyperplan-main/benchmarks/blocks/task02.pddl,15,0.0051
greedy_best_first_search,EuclidianUnequalAxisHeuristic,/gdisk/ki/home/mgehring/pyperplan-main/benchmarks/blocks/task03.pddl,7,0.0036
greedy_best_first_search,EuclidianUnequalAxisHeuristic,/gdisk/ki/home/mgehring/pyperplan-main/benchmarks/blocks/task04.pddl,19,0.0067
greedy_best_first_search,EuclidianUnequalAxisHeuristic,/gdisk/ki/home/mgehring/pyperplan-main/benchmarks/blocks/task05.pddl,40,0.011
greedy_best_first_search,EuclidianUnequalAxisHeuristic,/gdisk/ki/home/mgehring/pyperplan-main/benchmarks/blocks/task06.pddl,58,0.018
greedy_best_first_search,EuclidianUnequalAxisHeuristic,/gdisk/ki/home/mgehring/pyperplan-main/benchmarks/blocks/task07.pddl,72,0.026
greedy_best_first_search,EuclidianUnequalAxisHeuristic,/gdisk/ki/home/mgehring/pyperplan-main/benchmarks/blocks/task08.pddl,14,0.0065
greedy_best_first_search,EuclidianUnequalAxisHeuristic,/gdisk/ki/home/mgehring/pyperplan-main/benchmarks/blocks/task09.pddl,62,0.025
greedy_best_first_search,EuclidianUnequalAxisHeuristic,/gdisk/ki/home/mgehring/pyperplan-main/benchmarks/blocks/task10.pddl,32,0.017
greedy_best_first_search,EuclidianUnequalAxisHeuristic,/gdisk/ki/home/mgehring/pyperplan-main/benchmarks/blocks/task11.pddl,248,0.11
greedy_best_first_search,EuclidianUnequalAxisHeuristic,/gdisk/ki/home/mgehring/pyperplan-main/benchmarks/blocks/task12.pddl,271,0.12
greedy_best_first_search,EuclidianUnequalAxisHeuristic,/gdisk/ki/home/mgehring/pyperplan-main/benchmarks/blocks/task13.pddl,212,0.11
greedy_best_first_search,EuclidianUnequalAxisHeuristic,/gdisk/ki/home/mgehring/pyperplan-main/benchmarks/blocks/task14.pddl,194,0.092
greedy_best_first_search,EuclidianUnequalAxisHeuristic,/gdisk/ki/home/mgehring/pyperplan-main/benchmarks/blocks/task15.pddl,328,0.16
greedy_best_first_search,EuclidianUnequalAxisHeuristic,/gdisk/ki/home/mgehring/pyperplan-main/benchmarks/blocks/task16.pddl,490,0.31
greedy_best_first_search,EuclidianUnequalAxisHeuristic,/gdisk/ki/home/mgehring/pyperplan-main/benchmarks/blocks/task17.pddl,315,0.21
greedy_best_first_search,EuclidianUnequalAxisHeuristic,/gdisk/ki/home/mgehring/pyperplan-main/benchmarks/blocks/task18.pddl,133,0.096
greedy_best_first_search,EuclidianUnequalAxisHeuristic,/gdisk/ki/home/mgehring/pyperplan-main/benchmarks/blocks/task19.pddl,119,0.11
greedy_best_first_search,EuclidianUnequalAxisHeuristic,/gdisk/ki/home/mgehring/pyperplan-main/benchmarks/blocks/task20.pddl,394,0.34
greedy_best_first_search,EuclidianUnequalAxisHeuristic,/gdisk/ki/home/mgehring/pyperplan-main/benchmarks/blocks/task21.pddl,492,0.39
greedy_best_first_search,EuclidianUnequalAxisHeuristic,/gdisk/ki/home/mgehring/pyperplan-main/benchmarks/blocks/task22.pddl,216,0.18
greedy_best_first_search,EuclidianUnequalAxisHeuristic,/gdisk/ki/home/mgehring/pyperplan-main/benchmarks/blocks/task23.pddl,358,0.34
greedy_best_first_search,EuclidianUnequalAxisHeuristic,/gdisk/ki/home/mgehring/pyperplan-main/benchmarks/blocks/task24.pddl,394,0.39
greedy_best_first_search,EuclidianUnequalAxisHeuristic,/gdisk/ki/home/mgehring/pyperplan-main/benchmarks/blocks/task25.pddl,1550,1.7
greedy_best_first_search,EuclidianUnequalAxisHeuristic,/gdisk/ki/home/mgehring/pyperplan-main/benchmarks/blocks/task26.pddl,179,0.22
greedy_best_first_search,EuclidianUnequalAxisHeuristic,/gdisk/ki/home/mgehring/pyperplan-main/benchmarks/blocks/task27.pddl,1144,1.5
greedy_best_first_search,EuclidianUnequalAxisHeuristic,/gdisk/ki/home/mgehring/pyperplan-main/benchmarks/blocks/task28.pddl,861,1.2
greedy_best_first_search,EuclidianUnequalAxisHeuristic,/gdisk/ki/home/mgehring/pyperplan-main/benchmarks/blocks/task29.pddl,650,1.0
greedy_best_first_search,EuclidianUnequalAxisHeuristic,/gdisk/ki/home/mgehring/pyperplan-main/benchmarks/blocks/task30.pddl,7829,1.1e+01
greedy_best_first_search,EuclidianUnequalAxisHeuristic,/gdisk/ki/home/mgehring/pyperplan-main/benchmarks/blocks/task31.pddl,9187,1.5e+01
greedy_best_first_search,EuclidianUnequalAxisHeuristic,/gdisk/ki/home/mgehring/pyperplan-main/benchmarks/blocks/task32.pddl,847,1.7
greedy_best_first_search,EuclidianUnequalAxisHeuristic,/gdisk/ki/home/mgehring/pyperplan-main/benchmarks/blocks/task33.pddl,16798,3.3e+01
greedy_best_first_search,EuclidianUnequalAxisHeuristic,/gdisk/ki/home/mgehring/pyperplan-main/benchmarks/blocks/task34.pddl,13944,2.7e+01
greedy_best_first_search,EuclidianUnequalAxisHeuristic,/gdisk/ki/home/mgehring/pyperplan-main/benchmarks/blocks/task35.pddl,23868,5e+01
greedy_best_first_search,EuclidianUnequalAxisHeuristic,/gdisk/ki/home/mgehring/pyperplan-main/benchmarks/depot/task01.pddl,136,0.11
greedy_best_first_search,EuclidianUnequalAxisHeuristic,/gdisk/ki/home/mgehring/pyperplan-main/benchmarks/depot/task02.pddl,525,0.7
greedy_best_first_search,EuclidianUnequalAxisHeuristic,/gdisk/ki/home/mgehring/pyperplan-main/benchmarks/depot/task03.pddl,3537,7.2
greedy_best_first_search,EuclidianUnequalAxisHeuristic,/gdisk/ki/home/mgehring/pyperplan-main/benchmarks/depot/task04.pddl,529966,1.5e+03
greedy_best_first_search,EuclidianUnequalAxisHeuristic,/gdisk/ki/home/mgehring/pyperplan-main/benchmarks/depot/task05.pddl,201617,7.8e+02
greedy_best_first_search,EuclidianUnequalAxisHeuristic,/gdisk/ki/home/mgehring/pyperplan-main/benchmarks/depot/task06.pddl,
greedy_best_first_search,EuclidianUnequalAxisHeuristic,/gdisk/ki/home/mgehring/pyperplan-main/benchmarks/depot/task07.pddl,68792,1.9e+02
greedy_best_first_search,EuclidianUnequalAxisHeuristic,/gdisk/ki/home/mgehring/pyperplan-main/benchmarks/depot/task08.pddl,147262,8e+02
greedy_best_first_search,EuclidianUnequalAxisHeuristic,/gdisk/ki/home/mgehring/pyperplan-main/benchmarks/depot/task09.pddl,
greedy_best_first_search,EuclidianUnequalAxisHeuristic,/gdisk/ki/home/mgehring/pyperplan-main/benchmarks/depot/task10.pddl,161540,1.4e+03
greedy_best_first_search,EuclidianUnequalAxisHeuristic,/gdisk/ki/home/mgehring/pyperplan-main/benchmarks/depot/task11.pddl,
greedy_best_first_search,EuclidianUnequalAxisHeuristic,/gdisk/ki/home/mgehring/pyperplan-main/benchmarks/depot/task12.pddl,
greedy_best_first_search,EuclidianUnequalAxisHeuristic,/gdisk/ki/home/mgehring/pyperplan-main/benchmarks/depot/task13.pddl,1783,2e+01
greedy_best_first_search,EuclidianUnequalAxisHeuristic,/gdisk/ki/home/mgehring/pyperplan-main/benchmarks/depot/task14.pddl,
greedy_best_first_search,EuclidianUnequalAxisHeuristic,/gdisk/ki/home/mgehring/pyperplan-main/benchmarks/depot/task15.pddl,
greedy_best_first_search,EuclidianUnequalAxisHeuristic,/gdisk/ki/home/mgehring/pyperplan-main/benchmarks/depot/task16.pddl,
greedy_best_first_search,EuclidianUnequalAxisHeuristic,/gdisk/ki/home/mgehring/pyperplan-main/benchmarks/depot/task17.pddl,
greedy_best_first_search,EuclidianUnequalAxisHeuristic,/gdisk/ki/home/mgehring/pyperplan-main/benchmarks/depot/task18.pddl,
greedy_best_first_search,EuclidianUnequalAxisHeuristic,/gdisk/ki/home/mgehring/pyperplan-main/benchmarks/depot/task19.pddl,
greedy_best_first_search,EuclidianUnequalAxisHeuristic,/gdisk/ki/home/mgehring/pyperplan-main/benchmarks/depot/task20.pddl,
greedy_best_first_search,EuclidianUnequalAxisHeuristic,/gdisk/ki/home/mgehring/pyperplan-main/benchmarks/depot/task21.pddl,
greedy_best_first_search,EuclidianUnequalAxisHeuristic,/gdisk/ki/home/mgehring/pyperplan-main/benchmarks/depot/task22.pddl,
greedy_best_first_search,EuclidianUnequalAxisHeuristic,/gdisk/ki/home/mgehring/pyperplan-main/benchmarks/elevators/task01.pddl,719,1.5
greedy_best_first_search,EuclidianUnequalAxisHeuristic,/gdisk/ki/home/mgehring/pyperplan-main/benchmarks/elevators/task02.pddl,440,1.5
greedy_best_first_search,EuclidianUnequalAxisHeuristic,/gdisk/ki/home/mgehring/pyperplan-main/benchmarks/elevators/task03.pddl,1266,3.1
greedy_best_first_search,EuclidianUnequalAxisHeuristic,/gdisk/ki/home/mgehring/pyperplan-main/benchmarks/elevators/task04.pddl,11073,4.3e+01
greedy_best_first_search,EuclidianUnequalAxisHeuristic,/gdisk/ki/home/mgehring/pyperplan-main/benchmarks/elevators/task05.pddl,1833,5.2
greedy_best_first_search,EuclidianUnequalAxisHeuristic,/gdisk/ki/home/mgehring/pyperplan-main/benchmarks/elevators/task06.pddl,10167,4.4e+01
greedy_best_first_search,EuclidianUnequalAxisHeuristic,/gdisk/ki/home/mgehring/pyperplan-main/benchmarks/elevators/task07.pddl,3423,1.1e+01
greedy_best_first_search,EuclidianUnequalAxisHeuristic,/gdisk/ki/home/mgehring/pyperplan-main/benchmarks/elevators/task08.pddl,2290,1.1e+01
greedy_best_first_search,EuclidianUnequalAxisHeuristic,/gdisk/ki/home/mgehring/pyperplan-main/benchmarks/elevators/task09.pddl,5721,2.1e+01
greedy_best_first_search,EuclidianUnequalAxisHeuristic,/gdisk/ki/home/mgehring/pyperplan-main/benchmarks/elevators/task10.pddl,5619,3.2e+01
greedy_best_first_search,EuclidianUnequalAxisHeuristic,/gdisk/ki/home/mgehring/pyperplan-main/benchmarks/elevators/task11.pddl,5913,2.1e+01
greedy_best_first_search,EuclidianUnequalAxisHeuristic,/gdisk/ki/home/mgehring/pyperplan-main/benchmarks/elevators/task12.pddl,7161,3.8e+01
greedy_best_first_search,EuclidianUnequalAxisHeuristic,/gdisk/ki/home/mgehring/pyperplan-main/benchmarks/elevators/task13.pddl,1080,4.4
greedy_best_first_search,EuclidianUnequalAxisHeuristic,/gdisk/ki/home/mgehring/pyperplan-main/benchmarks/elevators/task14.pddl,22952,1.4e+02
greedy_best_first_search,EuclidianUnequalAxisHeuristic,/gdisk/ki/home/mgehring/pyperplan-main/benchmarks/elevators/task15.pddl,6587,3.1e+01
greedy_best_first_search,EuclidianUnequalAxisHeuristic,/gdisk/ki/home/mgehring/pyperplan-main/benchmarks/elevators/task16.pddl,35244,2.4e+02
greedy_best_first_search,EuclidianUnequalAxisHeuristic,/gdisk/ki/home/mgehring/pyperplan-main/benchmarks/elevators/task17.pddl,3423,1.8e+01
greedy_best_first_search,EuclidianUnequalAxisHeuristic,/gdisk/ki/home/mgehring/pyperplan-main/benchmarks/elevators/task18.pddl,11151,8.3e+01
greedy_best_first_search,EuclidianUnequalAxisHeuristic,/gdisk/ki/home/mgehring/pyperplan-main/benchmarks/elevators/task19.pddl,21344,1.3e+02
greedy_best_first_search,EuclidianUnequalAxisHeuristic,/gdisk/ki/home/mgehring/pyperplan-main/benchmarks/elevators/task20.pddl,15368,1.3e+02
greedy_best_first_search,EuclidianUnequalAxisHeuristic,/gdisk/ki/home/mgehring/pyperplan-main/benchmarks/elevators/task21.pddl,5952,2.9e+01
greedy_best_first_search,EuclidianUnequalAxisHeuristic,/gdisk/ki/home/mgehring/pyperplan-main/benchmarks/elevators/task22.pddl,12323,9.2e+01
greedy_best_first_search,EuclidianUnequalAxisHeuristic,/gdisk/ki/home/mgehring/pyperplan-main/benchmarks/elevators/task23.pddl,18120,1e+02
greedy_best_first_search,EuclidianUnequalAxisHeuristic,/gdisk/ki/home/mgehring/pyperplan-main/benchmarks/elevators/task24.pddl,73929,6.2e+02
greedy_best_first_search,EuclidianUnequalAxisHeuristic,/gdisk/ki/home/mgehring/pyperplan-main/benchmarks/elevators/task25.pddl,9517,6.1e+01
greedy_best_first_search,EuclidianUnequalAxisHeuristic,/gdisk/ki/home/mgehring/pyperplan-main/benchmarks/elevators/task26.pddl,17045,1.6e+02
greedy_best_first_search,EuclidianUnequalAxisHeuristic,/gdisk/ki/home/mgehring/pyperplan-main/benchmarks/elevators/task27.pddl,19939,1.5e+02
greedy_best_first_search,EuclidianUnequalAxisHeuristic,/gdisk/ki/home/mgehring/pyperplan-main/benchmarks/elevators/task28.pddl,21888,2.3e+02
greedy_best_first_search,EuclidianUnequalAxisHeuristic,/gdisk/ki/home/mgehring/pyperplan-main/benchmarks/elevators/task29.pddl,12542,1e+02
greedy_best_first_search,EuclidianUnequalAxisHeuristic,/gdisk/ki/home/mgehring/pyperplan-main/benchmarks/elevators/task30.pddl,81750,1e+03
greedy_best_first_search,EuclidianUnequalAxisHeuristic,/gdisk/ki/home/mgehring/pyperplan-main/benchmarks/freecell/task01.pddl,109,0.66
greedy_best_first_search,EuclidianUnequalAxisHeuristic,/gdisk/ki/home/mgehring/pyperplan-main/benchmarks/freecell/task02.pddl,77467,8.4e+02
greedy_best_first_search,EuclidianUnequalAxisHeuristic,/gdisk/ki/home/mgehring/pyperplan-main/benchmarks/freecell/task03.pddl,
greedy_best_first_search,EuclidianUnequalAxisHeuristic,/gdisk/ki/home/mgehring/pyperplan-main/benchmarks/freecell/task04.pddl,
greedy_best_first_search,EuclidianUnequalAxisHeuristic,/gdisk/ki/home/mgehring/pyperplan-main/benchmarks/freecell/task05.pddl,
greedy_best_first_search,EuclidianUnequalAxisHeuristic,/gdisk/ki/home/mgehring/pyperplan-main/benchmarks/freecell/task06.pddl,
greedy_best_first_search,EuclidianUnequalAxisHeuristic,/gdisk/ki/home/mgehring/pyperplan-main/benchmarks/freecell/task07.pddl,
greedy_best_first_search,EuclidianUnequalAxisHeuristic,/gdisk/ki/home/mgehring/pyperplan-main/benchmarks/freecell/task08.pddl,
greedy_best_first_search,EuclidianUnequalAxisHeuristic,/gdisk/ki/home/mgehring/pyperplan-main/benchmarks/freecell/task09.pddl,
greedy_best_first_search,EuclidianUnequalAxisHeuristic,/gdisk/ki/home/mgehring/pyperplan-main/benchmarks/freecell/task10.pddl,
greedy_best_first_search,EuclidianUnequalAxisHeuristic,/gdisk/ki/home/mgehring/pyperplan-main/benchmarks/freecell/task11.pddl,
greedy_best_first_search,EuclidianUnequalAxisHeuristic,/gdisk/ki/home/mgehring/pyperplan-main/benchmarks/freecell/task12.pddl,
greedy_best_first_search,EuclidianUnequalAxisHeuristic,/gdisk/ki/home/mgehring/pyperplan-main/benchmarks/freecell/task13.pddl,
greedy_best_first_search,EuclidianUnequalAxisHeuristic,/gdisk/ki/home/mgehring/pyperplan-main/benchmarks/freecell/task14.pddl,
greedy_best_first_search,EuclidianUnequalAxisHeuristic,/gdisk/ki/home/mgehring/pyperplan-main/benchmarks/freecell/task15.pddl,
greedy_best_first_search,EuclidianUnequalAxisHeuristic,/gdisk/ki/home/mgehring/pyperplan-main/benchmarks/freecell/task16.pddl,
greedy_best_first_search,EuclidianUnequalAxisHeuristic,/gdisk/ki/home/mgehring/pyperplan-main/benchmarks/freecell/task17.pddl,
greedy_best_first_search,EuclidianUnequalAxisHeuristic,/gdisk/ki/home/mgehring/pyperplan-main/benchmarks/freecell/task18.pddl,
greedy_best_first_search,EuclidianUnequalAxisHeuristic,/gdisk/ki/home/mgehring/pyperplan-main/benchmarks/freecell/task19.pddl,
greedy_best_first_search,EuclidianUnequalAxisHeuristic,/gdisk/ki/home/mgehring/pyperplan-main/benchmarks/freecell/task20.pddl,
greedy_best_first_search,EuclidianUnequalAxisHeuristic,/gdisk/ki/home/mgehring/pyperplan-main/benchmarks/gripper/task01.pddl,33,0.013
greedy_best_first_search,EuclidianUnequalAxisHeuristic,/gdisk/ki/home/mgehring/pyperplan-main/benchmarks/gripper/task02.pddl,61,0.027
greedy_best_first_search,EuclidianUnequalAxisHeuristic,/gdisk/ki/home/mgehring/pyperplan-main/benchmarks/gripper/task03.pddl,97,0.058
greedy_best_first_search,EuclidianUnequalAxisHeuristic,/gdisk/ki/home/mgehring/pyperplan-main/benchmarks/gripper/task04.pddl,141,0.12
greedy_best_first_search,EuclidianUnequalAxisHeuristic,/gdisk/ki/home/mgehring/pyperplan-main/benchmarks/gripper/task05.pddl,193,0.2
greedy_best_first_search,EuclidianUnequalAxisHeuristic,/gdisk/ki/home/mgehring/pyperplan-main/benchmarks/gripper/task06.pddl,253,0.32
greedy_best_first_search,EuclidianUnequalAxisHeuristic,/gdisk/ki/home/mgehring/pyperplan-main/benchmarks/gripper/task07.pddl,321,0.51
greedy_best_first_search,EuclidianUnequalAxisHeuristic,/gdisk/ki/home/mgehring/pyperplan-main/benchmarks/gripper/task08.pddl,397,0.76
greedy_best_first_search,EuclidianUnequalAxisHeuristic,/gdisk/ki/home/mgehring/pyperplan-main/benchmarks/gripper/task09.pddl,481,1.1
greedy_best_first_search,EuclidianUnequalAxisHeuristic,/gdisk/ki/home/mgehring/pyperplan-main/benchmarks/gripper/task10.pddl,573,1.5
greedy_best_first_search,EuclidianUnequalAxisHeuristic,/gdisk/ki/home/mgehring/pyperplan-main/benchmarks/gripper/task11.pddl,673,2.1
greedy_best_first_search,EuclidianUnequalAxisHeuristic,/gdisk/ki/home/mgehring/pyperplan-main/benchmarks/gripper/task12.pddl,781,2.9
greedy_best_first_search,EuclidianUnequalAxisHeuristic,/gdisk/ki/home/mgehring/pyperplan-main/benchmarks/gripper/task13.pddl,897,3.8
greedy_best_first_search,EuclidianUnequalAxisHeuristic,/gdisk/ki/home/mgehring/pyperplan-main/benchmarks/gripper/task14.pddl,1021,5.0
greedy_best_first_search,EuclidianUnequalAxisHeuristic,/gdisk/ki/home/mgehring/pyperplan-main/benchmarks/gripper/task15.pddl,1153,6.5
greedy_best_first_search,EuclidianUnequalAxisHeuristic,/gdisk/ki/home/mgehring/pyperplan-main/benchmarks/gripper/task16.pddl,1293,8.1
greedy_best_first_search,EuclidianUnequalAxisHeuristic,/gdisk/ki/home/mgehring/pyperplan-main/benchmarks/gripper/task17.pddl,1441,1e+01
greedy_best_first_search,EuclidianUnequalAxisHeuristic,/gdisk/ki/home/mgehring/pyperplan-main/benchmarks/gripper/task18.pddl,1597,1.3e+01
greedy_best_first_search,EuclidianUnequalAxisHeuristic,/gdisk/ki/home/mgehring/pyperplan-main/benchmarks/gripper/task19.pddl,1761,1.5e+01
greedy_best_first_search,EuclidianUnequalAxisHeuristic,/gdisk/ki/home/mgehring/pyperplan-main/benchmarks/gripper/task20.pddl,1933,1.9e+01
greedy_best_first_search,EuclidianUnequalAxisHeuristic,/gdisk/ki/home/mgehring/pyperplan-main/benchmarks/logistics/task01.pddl,239,0.17
greedy_best_first_search,EuclidianUnequalAxisHeuristic,/gdisk/ki/home/mgehring/pyperplan-main/benchmarks/logistics/task02.pddl,158,0.12
greedy_best_first_search,EuclidianUnequalAxisHeuristic,/gdisk/ki/home/mgehring/pyperplan-main/benchmarks/logistics/task03.pddl,118,0.075
greedy_best_first_search,EuclidianUnequalAxisHeuristic,/gdisk/ki/home/mgehring/pyperplan-main/benchmarks/logistics/task04.pddl,453,0.36
greedy_best_first_search,EuclidianUnequalAxisHeuristic,/gdisk/ki/home/mgehring/pyperplan-main/benchmarks/logistics/task05.pddl,76,0.062
greedy_best_first_search,EuclidianUnequalAxisHeuristic,/gdisk/ki/home/mgehring/pyperplan-main/benchmarks/logistics/task06.pddl,29,0.024
greedy_best_first_search,EuclidianUnequalAxisHeuristic,/gdisk/ki/home/mgehring/pyperplan-main/benchmarks/logistics/task07.pddl,349,0.29
greedy_best_first_search,EuclidianUnequalAxisHeuristic,/gdisk/ki/home/mgehring/pyperplan-main/benchmarks/logistics/task08.pddl,62,0.053
greedy_best_first_search,EuclidianUnequalAxisHeuristic,/gdisk/ki/home/mgehring/pyperplan-main/benchmarks/logistics/task09.pddl,311,0.26
greedy_best_first_search,EuclidianUnequalAxisHeuristic,/gdisk/ki/home/mgehring/pyperplan-main/benchmarks/logistics/task10.pddl,260,0.21
greedy_best_first_search,EuclidianUnequalAxisHeuristic,/gdisk/ki/home/mgehring/pyperplan-main/benchmarks/logistics/task11.pddl,2730,5.3
greedy_best_first_search,EuclidianUnequalAxisHeuristic,/gdisk/ki/home/mgehring/pyperplan-main/benchmarks/logistics/task12.pddl,4668,9.4
greedy_best_first_search,EuclidianUnequalAxisHeuristic,/gdisk/ki/home/mgehring/pyperplan-main/benchmarks/logistics/task13.pddl,1059,2.2
greedy_best_first_search,EuclidianUnequalAxisHeuristic,/gdisk/ki/home/mgehring/pyperplan-main/benchmarks/logistics/task14.pddl,4945,1.1e+01
greedy_best_first_search,EuclidianUnequalAxisHeuristic,/gdisk/ki/home/mgehring/pyperplan-main/benchmarks/logistics/task15.pddl,2097,4.5
greedy_best_first_search,EuclidianUnequalAxisHeuristic,/gdisk/ki/home/mgehring/pyperplan-main/benchmarks/logistics/task16.pddl,1370,3.0
greedy_best_first_search,EuclidianUnequalAxisHeuristic,/gdisk/ki/home/mgehring/pyperplan-main/benchmarks/logistics/task17.pddl,5528,2.4e+01
greedy_best_first_search,EuclidianUnequalAxisHeuristic,/gdisk/ki/home/mgehring/pyperplan-main/benchmarks/logistics/task18.pddl,6897,3e+01
greedy_best_first_search,EuclidianUnequalAxisHeuristic,/gdisk/ki/home/mgehring/pyperplan-main/benchmarks/logistics/task19.pddl,8712,3.9e+01
greedy_best_first_search,EuclidianUnequalAxisHeuristic,/gdisk/ki/home/mgehring/pyperplan-main/benchmarks/logistics/task20.pddl,27164,1.3e+02
greedy_best_first_search,EuclidianUnequalAxisHeuristic,/gdisk/ki/home/mgehring/pyperplan-main/benchmarks/logistics/task21.pddl,5404,2.5e+01
greedy_best_first_search,EuclidianUnequalAxisHeuristic,/gdisk/ki/home/mgehring/pyperplan-main/benchmarks/logistics/task22.pddl,34033,1.7e+02
greedy_best_first_search,EuclidianUnequalAxisHeuristic,/gdisk/ki/home/mgehring/pyperplan-main/benchmarks/logistics/task23.pddl,
greedy_best_first_search,EuclidianUnequalAxisHeuristic,/gdisk/ki/home/mgehring/pyperplan-main/benchmarks/logistics/task24.pddl,
greedy_best_first_search,EuclidianUnequalAxisHeuristic,/gdisk/ki/home/mgehring/pyperplan-main/benchmarks/logistics/task25.pddl,
greedy_best_first_search,EuclidianUnequalAxisHeuristic,/gdisk/ki/home/mgehring/pyperplan-main/benchmarks/logistics/task26.pddl,
greedy_best_first_search,EuclidianUnequalAxisHeuristic,/gdisk/ki/home/mgehring/pyperplan-main/benchmarks/logistics/task27.pddl,138494,1.8e+03
greedy_best_first_search,EuclidianUnequalAxisHeuristic,/gdisk/ki/home/mgehring/pyperplan-main/benchmarks/logistics/task28.pddl,95448,1.2e+03
greedy_best_first_search,EuclidianUnequalAxisHeuristic,/gdisk/ki/home/mgehring/pyperplan-main/benchmarks/miconic/task01.pddl,5,0.0023
greedy_best_first_search,EuclidianUnequalAxisHeuristic,/gdisk/ki/home/mgehring/pyperplan-main/benchmarks/miconic/task02.pddl,15,0.0046
greedy_best_first_search,EuclidianUnequalAxisHeuristic,/gdisk/ki/home/mgehring/pyperplan-main/benchmarks/miconic/task03.pddl,15,0.0066
greedy_best_first_search,EuclidianUnequalAxisHeuristic,/gdisk/ki/home/mgehring/pyperplan-main/benchmarks/miconic/task04.pddl,43,0.022
greedy_best_first_search,EuclidianUnequalAxisHeuristic,/gdisk/ki/home/mgehring/pyperplan-main/benchmarks/miconic/task05.pddl,49,0.033
greedy_best_first_search,EuclidianUnequalAxisHeuristic,/gdisk/ki/home/mgehring/pyperplan-main/benchmarks/miconic/task06.pddl,53,0.045
greedy_best_first_search,EuclidianUnequalAxisHeuristic,/gdisk/ki/home/mgehring/pyperplan-main/benchmarks/miconic/task07.pddl,100,0.098
greedy_best_first_search,EuclidianUnequalAxisHeuristic,/gdisk/ki/home/mgehring/pyperplan-main/benchmarks/miconic/task08.pddl,136,0.17
greedy_best_first_search,EuclidianUnequalAxisHeuristic,/gdisk/ki/home/mgehring/pyperplan-main/benchmarks/miconic/task09.pddl,180,0.27
greedy_best_first_search,EuclidianUnequalAxisHeuristic,/gdisk/ki/home/mgehring/pyperplan-main/benchmarks/miconic/task10.pddl,239,0.42
greedy_best_first_search,EuclidianUnequalAxisHeuristic,/gdisk/ki/home/mgehring/pyperplan-main/benchmarks/miconic/task11.pddl,287,0.59
greedy_best_first_search,EuclidianUnequalAxisHeuristic,/gdisk/ki/home/mgehring/pyperplan-main/benchmarks/miconic/task12.pddl,236,0.57
greedy_best_first_search,EuclidianUnequalAxisHeuristic,/gdisk/ki/home/mgehring/pyperplan-main/benchmarks/miconic/task13.pddl,271,0.74
greedy_best_first_search,EuclidianUnequalAxisHeuristic,/gdisk/ki/home/mgehring/pyperplan-main/benchmarks/miconic/task14.pddl,410,1.3
greedy_best_first_search,EuclidianUnequalAxisHeuristic,/gdisk/ki/home/mgehring/pyperplan-main/benchmarks/miconic/task15.pddl,468,1.7
greedy_best_first_search,EuclidianUnequalAxisHeuristic,/gdisk/ki/home/mgehring/pyperplan-main/benchmarks/miconic/task16.pddl,472,2.0
greedy_best_first_search,EuclidianUnequalAxisHeuristic,/gdisk/ki/home/mgehring/pyperplan-main/benchmarks/miconic/task17.pddl,655,3.1
greedy_best_first_search,EuclidianUnequalAxisHeuristic,/gdisk/ki/home/mgehring/pyperplan-main/benchmarks/miconic/task18.pddl,455,2.3
greedy_best_first_search,EuclidianUnequalAxisHeuristic,/gdisk/ki/home/mgehring/pyperplan-main/benchmarks/miconic/task19.pddl,683,3.9
greedy_best_first_search,EuclidianUnequalAxisHeuristic,/gdisk/ki/home/mgehring/pyperplan-main/benchmarks/miconic/task20.pddl,839,5.3
greedy_best_first_search,EuclidianUnequalAxisHeuristic,/gdisk/ki/home/mgehring/pyperplan-main/benchmarks/miconic/task21.pddl,923,6.4
greedy_best_first_search,EuclidianUnequalAxisHeuristic,/gdisk/ki/home/mgehring/pyperplan-main/benchmarks/miconic/task22.pddl,836,6.5
greedy_best_first_search,EuclidianUnequalAxisHeuristic,/gdisk/ki/home/mgehring/pyperplan-main/benchmarks/miconic/task23.pddl,856,7.4
greedy_best_first_search,EuclidianUnequalAxisHeuristic,/gdisk/ki/home/mgehring/pyperplan-main/benchmarks/miconic/task24.pddl,1119,1e+01
greedy_best_first_search,EuclidianUnequalAxisHeuristic,/gdisk/ki/home/mgehring/pyperplan-main/benchmarks/miconic/task25.pddl,1073,1.1e+01
greedy_best_first_search,EuclidianUnequalAxisHeuristic,/gdisk/ki/home/mgehring/pyperplan-main/benchmarks/miconic/task26.pddl,1032,1.2e+01
greedy_best_first_search,EuclidianUnequalAxisHeuristic,/gdisk/ki/home/mgehring/pyperplan-main/benchmarks/miconic/task27.pddl,1483,1.8e+01
greedy_best_first_search,EuclidianUnequalAxisHeuristic,/gdisk/ki/home/mgehring/pyperplan-main/benchmarks/miconic/task28.pddl,1316,1.7e+01
greedy_best_first_search,EuclidianUnequalAxisHeuristic,/gdisk/ki/home/mgehring/pyperplan-main/benchmarks/miconic/task29.pddl,1277,1.8e+01
greedy_best_first_search,EuclidianUnequalAxisHeuristic,/gdisk/ki/home/mgehring/pyperplan-main/benchmarks/miconic/task30.pddl,1575,2.3e+01
greedy_best_first_search,EuclidianUnequalAxisHeuristic,/gdisk/ki/home/mgehring/pyperplan-main/benchmarks/movie/task01.pddl,8,0.01
greedy_best_first_search,EuclidianUnequalAxisHeuristic,/gdisk/ki/home/mgehring/pyperplan-main/benchmarks/movie/task02.pddl,8,0.012
greedy_best_first_search,EuclidianUnequalAxisHeuristic,/gdisk/ki/home/mgehring/pyperplan-main/benchmarks/movie/task03.pddl,8,0.013
greedy_best_first_search,EuclidianUnequalAxisHeuristic,/gdisk/ki/home/mgehring/pyperplan-main/benchmarks/movie/task04.pddl,8,0.014
greedy_best_first_search,EuclidianUnequalAxisHeuristic,/gdisk/ki/home/mgehring/pyperplan-main/benchmarks/movie/task05.pddl,8,0.018
greedy_best_first_search,EuclidianUnequalAxisHeuristic,/gdisk/ki/home/mgehring/pyperplan-main/benchmarks/movie/task06.pddl,8,0.019
greedy_best_first_search,EuclidianUnequalAxisHeuristic,/gdisk/ki/home/mgehring/pyperplan-main/benchmarks/movie/task07.pddl,8,0.021
greedy_best_first_search,EuclidianUnequalAxisHeuristic,/gdisk/ki/home/mgehring/pyperplan-main/benchmarks/movie/task08.pddl,8,0.023
greedy_best_first_search,EuclidianUnequalAxisHeuristic,/gdisk/ki/home/mgehring/pyperplan-main/benchmarks/movie/task09.pddl,8,0.022
greedy_best_first_search,EuclidianUnequalAxisHeuristic,/gdisk/ki/home/mgehring/pyperplan-main/benchmarks/movie/task10.pddl,8,0.022
greedy_best_first_search,EuclidianUnequalAxisHeuristic,/gdisk/ki/home/mgehring/pyperplan-main/benchmarks/movie/task11.pddl,8,0.024
greedy_best_first_search,EuclidianUnequalAxisHeuristic,/gdisk/ki/home/mgehring/pyperplan-main/benchmarks/movie/task12.pddl,8,0.026
greedy_best_first_search,EuclidianUnequalAxisHeuristic,/gdisk/ki/home/mgehring/pyperplan-main/benchmarks/movie/task13.pddl,8,0.03
greedy_best_first_search,EuclidianUnequalAxisHeuristic,/gdisk/ki/home/mgehring/pyperplan-main/benchmarks/movie/task14.pddl,8,0.029
greedy_best_first_search,EuclidianUnequalAxisHeuristic,/gdisk/ki/home/mgehring/pyperplan-main/benchmarks/movie/task15.pddl,8,0.03
greedy_best_first_search,EuclidianUnequalAxisHeuristic,/gdisk/ki/home/mgehring/pyperplan-main/benchmarks/movie/task16.pddl,8,0.031
greedy_best_first_search,EuclidianUnequalAxisHeuristic,/gdisk/ki/home/mgehring/pyperplan-main/benchmarks/movie/task17.pddl,8,0.036
greedy_best_first_search,EuclidianUnequalAxisHeuristic,/gdisk/ki/home/mgehring/pyperplan-main/benchmarks/movie/task18.pddl,8,0.036
greedy_best_first_search,EuclidianUnequalAxisHeuristic,/gdisk/ki/home/mgehring/pyperplan-main/benchmarks/movie/task19.pddl,8,0.035
greedy_best_first_search,EuclidianUnequalAxisHeuristic,/gdisk/ki/home/mgehring/pyperplan-main/benchmarks/movie/task20.pddl,8,0.037
greedy_best_first_search,EuclidianUnequalAxisHeuristic,/gdisk/ki/home/mgehring/pyperplan-main/benchmarks/movie/task21.pddl,8,0.042
greedy_best_first_search,EuclidianUnequalAxisHeuristic,/gdisk/ki/home/mgehring/pyperplan-main/benchmarks/movie/task22.pddl,8,0.043
greedy_best_first_search,EuclidianUnequalAxisHeuristic,/gdisk/ki/home/mgehring/pyperplan-main/benchmarks/movie/task23.pddl,8,0.044
greedy_best_first_search,EuclidianUnequalAxisHeuristic,/gdisk/ki/home/mgehring/pyperplan-main/benchmarks/movie/task24.pddl,8,0.043
greedy_best_first_search,EuclidianUnequalAxisHeuristic,/gdisk/ki/home/mgehring/pyperplan-main/benchmarks/movie/task25.pddl,8,0.046
greedy_best_first_search,EuclidianUnequalAxisHeuristic,/gdisk/ki/home/mgehring/pyperplan-main/benchmarks/movie/task26.pddl,8,0.049
greedy_best_first_search,EuclidianUnequalAxisHeuristic,/gdisk/ki/home/mgehring/pyperplan-main/benchmarks/movie/task27.pddl,8,0.049
greedy_best_first_search,EuclidianUnequalAxisHeuristic,/gdisk/ki/home/mgehring/pyperplan-main/benchmarks/movie/task28.pddl,8,0.048
greedy_best_first_search,EuclidianUnequalAxisHeuristic,/gdisk/ki/home/mgehring/pyperplan-main/benchmarks/movie/task29.pddl,8,0.054
greedy_best_first_search,EuclidianUnequalAxisHeuristic,/gdisk/ki/home/mgehring/pyperplan-main/benchmarks/movie/task30.pddl,8,0.054
greedy_best_first_search,EuclidianUnequalAxisHeuristic,/gdisk/ki/home/mgehring/pyperplan-main/benchmarks/openstacks/task01.pddl,82,0.024
greedy_best_first_search,EuclidianUnequalAxisHeuristic,/gdisk/ki/home/mgehring/pyperplan-main/benchmarks/openstacks/task02.pddl,78,0.026
greedy_best_first_search,EuclidianUnequalAxisHeuristic,/gdisk/ki/home/mgehring/pyperplan-main/benchmarks/openstacks/task03.pddl,102,0.042
greedy_best_first_search,EuclidianUnequalAxisHeuristic,/gdisk/ki/home/mgehring/pyperplan-main/benchmarks/openstacks/task04.pddl,175,0.08
greedy_best_first_search,EuclidianUnequalAxisHeuristic,/gdisk/ki/home/mgehring/pyperplan-main/benchmarks/openstacks/task05.pddl,678,0.4
greedy_best_first_search,EuclidianUnequalAxisHeuristic,/gdisk/ki/home/mgehring/pyperplan-main/benchmarks/openstacks/task06.pddl,354,0.25
greedy_best_first_search,EuclidianUnequalAxisHeuristic,/gdisk/ki/home/mgehring/pyperplan-main/benchmarks/openstacks/task07.pddl,929,0.66
greedy_best_first_search,EuclidianUnequalAxisHeuristic,/gdisk/ki/home/mgehring/pyperplan-main/benchmarks/openstacks/task08.pddl,1738,1.6
greedy_best_first_search,EuclidianUnequalAxisHeuristic,/gdisk/ki/home/mgehring/pyperplan-main/benchmarks/openstacks/task09.pddl,1927,2.2
greedy_best_first_search,EuclidianUnequalAxisHeuristic,/gdisk/ki/home/mgehring/pyperplan-main/benchmarks/openstacks/task10.pddl,740,0.78
greedy_best_first_search,EuclidianUnequalAxisHeuristic,/gdisk/ki/home/mgehring/pyperplan-main/benchmarks/openstacks/task11.pddl,1235,1.5
greedy_best_first_search,EuclidianUnequalAxisHeuristic,/gdisk/ki/home/mgehring/pyperplan-main/benchmarks/openstacks/task12.pddl,1274,1.7
greedy_best_first_search,EuclidianUnequalAxisHeuristic,/gdisk/ki/home/mgehring/pyperplan-main/benchmarks/openstacks/task13.pddl,1411,2.0
greedy_best_first_search,EuclidianUnequalAxisHeuristic,/gdisk/ki/home/mgehring/pyperplan-main/benchmarks/openstacks/task14.pddl,2327,3.9
greedy_best_first_search,EuclidianUnequalAxisHeuristic,/gdisk/ki/home/mgehring/pyperplan-main/benchmarks/openstacks/task15.pddl,2753,4.8
greedy_best_first_search,EuclidianUnequalAxisHeuristic,/gdisk/ki/home/mgehring/pyperplan-main/benchmarks/openstacks/task16.pddl,2157,4.6
greedy_best_first_search,EuclidianUnequalAxisHeuristic,/gdisk/ki/home/mgehring/pyperplan-main/benchmarks/openstacks/task17.pddl,4637,1e+01
greedy_best_first_search,EuclidianUnequalAxisHeuristic,/gdisk/ki/home/mgehring/pyperplan-main/benchmarks/openstacks/task18.pddl,2891,7.9
greedy_best_first_search,EuclidianUnequalAxisHeuristic,/gdisk/ki/home/mgehring/pyperplan-main/benchmarks/openstacks/task19.pddl,3583,8.4
greedy_best_first_search,EuclidianUnequalAxisHeuristic,/gdisk/ki/home/mgehring/pyperplan-main/benchmarks/openstacks/task20.pddl,2502,6.5
greedy_best_first_search,EuclidianUnequalAxisHeuristic,/gdisk/ki/home/mgehring/pyperplan-main/benchmarks/openstacks/task21.pddl,4255,1.5e+01
greedy_best_first_search,EuclidianUnequalAxisHeuristic,/gdisk/ki/home/mgehring/pyperplan-main/benchmarks/openstacks/task22.pddl,5226,1.9e+01
greedy_best_first_search,EuclidianUnequalAxisHeuristic,/gdisk/ki/home/mgehring/pyperplan-main/benchmarks/openstacks/task23.pddl,10305,4.1e+01
greedy_best_first_search,EuclidianUnequalAxisHeuristic,/gdisk/ki/home/mgehring/pyperplan-main/benchmarks/openstacks/task24.pddl,3977,1.4e+01
greedy_best_first_search,EuclidianUnequalAxisHeuristic,/gdisk/ki/home/mgehring/pyperplan-main/benchmarks/openstacks/task25.pddl,6623,3.2e+01
greedy_best_first_search,EuclidianUnequalAxisHeuristic,/gdisk/ki/home/mgehring/pyperplan-main/benchmarks/openstacks/task26.pddl,7548,3.1e+01
greedy_best_first_search,EuclidianUnequalAxisHeuristic,/gdisk/ki/home/mgehring/pyperplan-main/benchmarks/openstacks/task27.pddl,26016,1.5e+02
greedy_best_first_search,EuclidianUnequalAxisHeuristic,/gdisk/ki/home/mgehring/pyperplan-main/benchmarks/openstacks/task28.pddl,10221,5.5e+01
greedy_best_first_search,EuclidianUnequalAxisHeuristic,/gdisk/ki/home/mgehring/pyperplan-main/benchmarks/openstacks/task29.pddl,8225,4.8e+01
greedy_best_first_search,EuclidianUnequalAxisHeuristic,/gdisk/ki/home/mgehring/pyperplan-main/benchmarks/openstacks/task30.pddl,11311,6.7e+01
greedy_best_first_search,EuclidianUnequalAxisHeuristic,/gdisk/ki/home/mgehring/pyperplan-main/benchmarks/parcprinter/task01.pddl,16,0.003
greedy_best_first_search,EuclidianUnequalAxisHeuristic,/gdisk/ki/home/mgehring/pyperplan-main/benchmarks/parcprinter/task02.pddl,40,0.016
greedy_best_first_search,EuclidianUnequalAxisHeuristic,/gdisk/ki/home/mgehring/pyperplan-main/benchmarks/parcprinter/task03.pddl,47,0.032
greedy_best_first_search,EuclidianUnequalAxisHeuristic,/gdisk/ki/home/mgehring/pyperplan-main/benchmarks/parcprinter/task04.pddl,130,0.13
greedy_best_first_search,EuclidianUnequalAxisHeuristic,/gdisk/ki/home/mgehring/pyperplan-main/benchmarks/parcprinter/task05.pddl,113,0.16
greedy_best_first_search,EuclidianUnequalAxisHeuristic,/gdisk/ki/home/mgehring/pyperplan-main/benchmarks/parcprinter/task06.pddl,210,0.44
greedy_best_first_search,EuclidianUnequalAxisHeuristic,/gdisk/ki/home/mgehring/pyperplan-main/benchmarks/parcprinter/task07.pddl,290,0.9
greedy_best_first_search,EuclidianUnequalAxisHeuristic,/gdisk/ki/home/mgehring/pyperplan-main/benchmarks/parcprinter/task08.pddl,2946,1.6e+01
greedy_best_first_search,EuclidianUnequalAxisHeuristic,/gdisk/ki/home/mgehring/pyperplan-main/benchmarks/parcprinter/task09.pddl,427,2.7
greedy_best_first_search,EuclidianUnequalAxisHeuristic,/gdisk/ki/home/mgehring/pyperplan-main/benchmarks/parcprinter/task10.pddl,507,4.1
greedy_best_first_search,EuclidianUnequalAxisHeuristic,/gdisk/ki/home/mgehring/pyperplan-main/benchmarks/parcprinter/task11.pddl,10,0.0064
greedy_best_first_search,EuclidianUnequalAxisHeuristic,/gdisk/ki/home/mgehring/pyperplan-main/benchmarks/parcprinter/task12.pddl,8273,3.5
greedy_best_first_search,EuclidianUnequalAxisHeuristic,/gdisk/ki/home/mgehring/pyperplan-main/benchmarks/parcprinter/task13.pddl,283,0.32
greedy_best_first_search,EuclidianUnequalAxisHeuristic,/gdisk/ki/home/mgehring/pyperplan-main/benchmarks/parcprinter/task14.pddl,
greedy_best_first_search,EuclidianUnequalAxisHeuristic,/gdisk/ki/home/mgehring/pyperplan-main/benchmarks/parcprinter/task15.pddl,
greedy_best_first_search,EuclidianUnequalAxisHeuristic,/gdisk/ki/home/mgehring/pyperplan-main/benchmarks/parcprinter/task16.pddl,
greedy_best_first_search,EuclidianUnequalAxisHeuristic,/gdisk/ki/home/mgehring/pyperplan-main/benchmarks/parcprinter/task17.pddl,
greedy_best_first_search,EuclidianUnequalAxisHeuristic,/gdisk/ki/home/mgehring/pyperplan-main/benchmarks/parcprinter/task18.pddl,
greedy_best_first_search,EuclidianUnequalAxisHeuristic,/gdisk/ki/home/mgehring/pyperplan-main/benchmarks/parcprinter/task19.pddl,
greedy_best_first_search,EuclidianUnequalAxisHeuristic,/gdisk/ki/home/mgehring/pyperplan-main/benchmarks/parcprinter/task20.pddl,
greedy_best_first_search,EuclidianUnequalAxisHeuristic,/gdisk/ki/home/mgehring/pyperplan-main/benchmarks/parcprinter/task21.pddl,11,0.0028
greedy_best_first_search,EuclidianUnequalAxisHeuristic,/gdisk/ki/home/mgehring/pyperplan-main/benchmarks/parcprinter/task22.pddl,33,0.015
greedy_best_first_search,EuclidianUnequalAxisHeuristic,/gdisk/ki/home/mgehring/pyperplan-main/benchmarks/parcprinter/task23.pddl,48360,3.1e+01
greedy_best_first_search,EuclidianUnequalAxisHeuristic,/gdisk/ki/home/mgehring/pyperplan-main/benchmarks/parcprinter/task24.pddl,1462016,1.7e+03
greedy_best_first_search,EuclidianUnequalAxisHeuristic,/gdisk/ki/home/mgehring/pyperplan-main/benchmarks/parcprinter/task25.pddl,
greedy_best_first_search,EuclidianUnequalAxisHeuristic,/gdisk/ki/home/mgehring/pyperplan-main/benchmarks/parcprinter/task26.pddl,
greedy_best_first_search,EuclidianUnequalAxisHeuristic,/gdisk/ki/home/mgehring/pyperplan-main/benchmarks/parcprinter/task27.pddl,
greedy_best_first_search,EuclidianUnequalAxisHeuristic,/gdisk/ki/home/mgehring/pyperplan-main/benchmarks/parcprinter/task28.pddl,
greedy_best_first_search,EuclidianUnequalAxisHeuristic,/gdisk/ki/home/mgehring/pyperplan-main/benchmarks/parcprinter/task29.pddl,
greedy_best_first_search,EuclidianUnequalAxisHeuristic,/gdisk/ki/home/mgehring/pyperplan-main/benchmarks/parcprinter/task30.pddl,
greedy_best_first_search,EuclidianUnequalAxisHeuristic,/gdisk/ki/home/mgehring/pyperplan-main/benchmarks/pegsol/task01.pddl,9,0.0058
greedy_best_first_search,EuclidianUnequalAxisHeuristic,/gdisk/ki/home/mgehring/pyperplan-main/benchmarks/pegsol/task02.pddl,39,0.015
greedy_best_first_search,EuclidianUnequalAxisHeuristic,/gdisk/ki/home/mgehring/pyperplan-main/benchmarks/pegsol/task03.pddl,31,0.015
greedy_best_first_search,EuclidianUnequalAxisHeuristic,/gdisk/ki/home/mgehring/pyperplan-main/benchmarks/pegsol/task04.pddl,129,0.046
greedy_best_first_search,EuclidianUnequalAxisHeuristic,/gdisk/ki/home/mgehring/pyperplan-main/benchmarks/pegsol/task05.pddl,84,0.03
greedy_best_first_search,EuclidianUnequalAxisHeuristic,/gdisk/ki/home/mgehring/pyperplan-main/benchmarks/pegsol/task06.pddl,86,0.033
greedy_best_first_search,EuclidianUnequalAxisHeuristic,/gdisk/ki/home/mgehring/pyperplan-main/benchmarks/pegsol/task07.pddl,20,0.01
greedy_best_first_search,EuclidianUnequalAxisHeuristic,/gdisk/ki/home/mgehring/pyperplan-main/benchmarks/pegsol/task08.pddl,1803,0.61
greedy_best_first_search,EuclidianUnequalAxisHeuristic,/gdisk/ki/home/mgehring/pyperplan-main/benchmarks/pegsol/task09.pddl,352,0.12
greedy_best_first_search,EuclidianUnequalAxisHeuristic,/gdisk/ki/home/mgehring/pyperplan-main/benchmarks/pegsol/task10.pddl,152,0.057
greedy_best_first_search,EuclidianUnequalAxisHeuristic,/gdisk/ki/home/mgehring/pyperplan-main/benchmarks/pegsol/task11.pddl,2331,0.83
greedy_best_first_search,EuclidianUnequalAxisHeuristic,/gdisk/ki/home/mgehring/pyperplan-main/benchmarks/pegsol/task12.pddl,395,0.14
greedy_best_first_search,EuclidianUnequalAxisHeuristic,/gdisk/ki/home/mgehring/pyperplan-main/benchmarks/pegsol/task13.pddl,8011,2.8
greedy_best_first_search,EuclidianUnequalAxisHeuristic,/gdisk/ki/home/mgehring/pyperplan-main/benchmarks/pegsol/task14.pddl,32427,1.3e+01
greedy_best_first_search,EuclidianUnequalAxisHeuristic,/gdisk/ki/home/mgehring/pyperplan-main/benchmarks/pegsol/task15.pddl,23079,8.9
greedy_best_first_search,EuclidianUnequalAxisHeuristic,/gdisk/ki/home/mgehring/pyperplan-main/benchmarks/pegsol/task16.pddl,5958,2.2
greedy_best_first_search,EuclidianUnequalAxisHeuristic,/gdisk/ki/home/mgehring/pyperplan-main/benchmarks/pegsol/task17.pddl,55360,2.2e+01
greedy_best_first_search,EuclidianUnequalAxisHeuristic,/gdisk/ki/home/mgehring/pyperplan-main/benchmarks/pegsol/task18.pddl,9519,3.6
greedy_best_first_search,EuclidianUnequalAxisHeuristic,/gdisk/ki/home/mgehring/pyperplan-main/benchmarks/pegsol/task19.pddl,159298,6.3e+01
greedy_best_first_search,EuclidianUnequalAxisHeuristic,/gdisk/ki/home/mgehring/pyperplan-main/benchmarks/pegsol/task20.pddl,2136,0.73
greedy_best_first_search,EuclidianUnequalAxisHeuristic,/gdisk/ki/home/mgehring/pyperplan-main/benchmarks/pegsol/task21.pddl,1037,0.36
greedy_best_first_search,EuclidianUnequalAxisHeuristic,/gdisk/ki/home/mgehring/pyperplan-main/benchmarks/pegsol/task22.pddl,51,0.022
greedy_best_first_search,EuclidianUnequalAxisHeuristic,/gdisk/ki/home/mgehring/pyperplan-main/benchmarks/pegsol/task23.pddl,132112,5.4e+01
greedy_best_first_search,EuclidianUnequalAxisHeuristic,/gdisk/ki/home/mgehring/pyperplan-main/benchmarks/pegsol/task24.pddl,23646,9.4
greedy_best_first_search,EuclidianUnequalAxisHeuristic,/gdisk/ki/home/mgehring/pyperplan-main/benchmarks/pegsol/task25.pddl,9713,3.7
greedy_best_first_search,EuclidianUnequalAxisHeuristic,/gdisk/ki/home/mgehring/pyperplan-main/benchmarks/pegsol/task26.pddl,25564,9.4
greedy_best_first_search,EuclidianUnequalAxisHeuristic,/gdisk/ki/home/mgehring/pyperplan-main/benchmarks/pegsol/task27.pddl,100535,4.1e+01
greedy_best_first_search,EuclidianUnequalAxisHeuristic,/gdisk/ki/home/mgehring/pyperplan-main/benchmarks/pegsol/task28.pddl,2536391,1.1e+03
greedy_best_first_search,EuclidianUnequalAxisHeuristic,/gdisk/ki/home/mgehring/pyperplan-main/benchmarks/pegsol/task29.pddl,
greedy_best_first_search,EuclidianUnequalAxisHeuristic,/gdisk/ki/home/mgehring/pyperplan-main/benchmarks/pegsol/task30.pddl,
greedy_best_first_search,EuclidianUnequalAxisHeuristic,/gdisk/ki/home/mgehring/pyperplan-main/benchmarks/psr-small/task01.pddl,9,0.0018
greedy_best_first_search,EuclidianUnequalAxisHeuristic,/gdisk/ki/home/mgehring/pyperplan-main/benchmarks/psr-small/task02.pddl,19,0.0056
greedy_best_first_search,EuclidianUnequalAxisHeuristic,/gdisk/ki/home/mgehring/pyperplan-main/benchmarks/psr-small/task03.pddl,19,0.0033
greedy_best_first_search,EuclidianUnequalAxisHeuristic,/gdisk/ki/home/mgehring/pyperplan-main/benchmarks/psr-small/task04.pddl,11,0.0053
greedy_best_first_search,EuclidianUnequalAxisHeuristic,/gdisk/ki/home/mgehring/pyperplan-main/benchmarks/psr-small/task05.pddl,19,0.0059
greedy_best_first_search,EuclidianUnequalAxisHeuristic,/gdisk/ki/home/mgehring/pyperplan-main/benchmarks/psr-small/task06.pddl,9,0.0027
greedy_best_first_search,EuclidianUnequalAxisHeuristic,/gdisk/ki/home/mgehring/pyperplan-main/benchmarks/psr-small/task07.pddl,19,0.0043
greedy_best_first_search,EuclidianUnequalAxisHeuristic,/gdisk/ki/home/mgehring/pyperplan-main/benchmarks/psr-small/task08.pddl,9,0.0026
greedy_best_first_search,EuclidianUnequalAxisHeuristic,/gdisk/ki/home/mgehring/pyperplan-main/benchmarks/psr-small/task09.pddl,9,0.0024
greedy_best_first_search,EuclidianUnequalAxisHeuristic,/gdisk/ki/home/mgehring/pyperplan-main/benchmarks/psr-small/task10.pddl,14,0.0085
greedy_best_first_search,EuclidianUnequalAxisHeuristic,/gdisk/ki/home/mgehring/pyperplan-main/benchmarks/psr-small/task11.pddl,58,0.013
greedy_best_first_search,EuclidianUnequalAxisHeuristic,/gdisk/ki/home/mgehring/pyperplan-main/benchmarks/psr-small/task12.pddl,28,0.007
greedy_best_first_search,EuclidianUnequalAxisHeuristic,/gdisk/ki/home/mgehring/pyperplan-main/benchmarks/psr-small/task13.pddl,27,0.0079
greedy_best_first_search,EuclidianUnequalAxisHeuristic,/gdisk/ki/home/mgehring/pyperplan-main/benchmarks/psr-small/task14.pddl,10,0.0038
greedy_best_first_search,EuclidianUnequalAxisHeuristic,/gdisk/ki/home/mgehring/pyperplan-main/benchmarks/psr-small/task15.pddl,3813,2.7
greedy_best_first_search,EuclidianUnequalAxisHeuristic,/gdisk/ki/home/mgehring/pyperplan-main/benchmarks/psr-small/task16.pddl,1987,0.9
greedy_best_first_search,EuclidianUnequalAxisHeuristic,/gdisk/ki/home/mgehring/pyperplan-main/benchmarks/psr-small/task17.pddl,10,0.0036
greedy_best_first_search,EuclidianUnequalAxisHeuristic,/gdisk/ki/home/mgehring/pyperplan-main/benchmarks/psr-small/task18.pddl,20,0.0086
greedy_best_first_search,EuclidianUnequalAxisHeuristic,/gdisk/ki/home/mgehring/pyperplan-main/benchmarks/psr-small/task19.pddl,7262,4.5
greedy_best_first_search,EuclidianUnequalAxisHeuristic,/gdisk/ki/home/mgehring/pyperplan-main/benchmarks/psr-small/task20.pddl,29,0.0073
greedy_best_first_search,EuclidianUnequalAxisHeuristic,/gdisk/ki/home/mgehring/pyperplan-main/benchmarks/psr-small/task21.pddl,11,0.0039
greedy_best_first_search,EuclidianUnequalAxisHeuristic,/gdisk/ki/home/mgehring/pyperplan-main/benchmarks/psr-small/task22.pddl,222,0.13
greedy_best_first_search,EuclidianUnequalAxisHeuristic,/gdisk/ki/home/mgehring/pyperplan-main/benchmarks/psr-small/task23.pddl,13,0.0061
greedy_best_first_search,EuclidianUnequalAxisHeuristic,/gdisk/ki/home/mgehring/pyperplan-main/benchmarks/psr-small/task24.pddl,11,0.0052
greedy_best_first_search,EuclidianUnequalAxisHeuristic,/gdisk/ki/home/mgehring/pyperplan-main/benchmarks/psr-small/task25.pddl,48200,2.5e+02
greedy_best_first_search,EuclidianUnequalAxisHeuristic,/gdisk/ki/home/mgehring/pyperplan-main/benchmarks/psr-small/task26.pddl,29,0.0091
greedy_best_first_search,EuclidianUnequalAxisHeuristic,/gdisk/ki/home/mgehring/pyperplan-main/benchmarks/psr-small/task27.pddl,40,0.016
greedy_best_first_search,EuclidianUnequalAxisHeuristic,/gdisk/ki/home/mgehring/pyperplan-main/benchmarks/psr-small/task28.pddl,16,0.0076
greedy_best_first_search,EuclidianUnequalAxisHeuristic,/gdisk/ki/home/mgehring/pyperplan-main/benchmarks/psr-small/task29.pddl,52,0.052
greedy_best_first_search,EuclidianUnequalAxisHeuristic,/gdisk/ki/home/mgehring/pyperplan-main/benchmarks/psr-small/task30.pddl,76,0.034
greedy_best_first_search,EuclidianUnequalAxisHeuristic,/gdisk/ki/home/mgehring/pyperplan-main/benchmarks/psr-small/task31.pddl,43630,3.3e+01
greedy_best_first_search,EuclidianUnequalAxisHeuristic,/gdisk/ki/home/mgehring/pyperplan-main/benchmarks/psr-small/task32.pddl,84,0.04
greedy_best_first_search,EuclidianUnequalAxisHeuristic,/gdisk/ki/home/mgehring/pyperplan-main/benchmarks/psr-small/task33.pddl,2040,1.0
greedy_best_first_search,EuclidianUnequalAxisHeuristic,/gdisk/ki/home/mgehring/pyperplan-main/benchmarks/psr-small/task34.pddl,60,0.026
greedy_best_first_search,EuclidianUnequalAxisHeuristic,/gdisk/ki/home/mgehring/pyperplan-main/benchmarks/psr-small/task35.pddl,147308,7.2e+01
greedy_best_first_search,EuclidianUnequalAxisHeuristic,/gdisk/ki/home/mgehring/pyperplan-main/benchmarks/psr-small/task36.pddl,1144246,9.5e+02
greedy_best_first_search,EuclidianUnequalAxisHeuristic,/gdisk/ki/home/mgehring/pyperplan-main/benchmarks/psr-small/task37.pddl,50,0.03
greedy_best_first_search,EuclidianUnequalAxisHeuristic,/gdisk/ki/home/mgehring/pyperplan-main/benchmarks/psr-small/task38.pddl,20,0.01
greedy_best_first_search,EuclidianUnequalAxisHeuristic,/gdisk/ki/home/mgehring/pyperplan-main/benchmarks/psr-small/task39.pddl,53,0.027
greedy_best_first_search,EuclidianUnequalAxisHeuristic,/gdisk/ki/home/mgehring/pyperplan-main/benchmarks/psr-small/task40.pddl,
greedy_best_first_search,EuclidianUnequalAxisHeuristic,/gdisk/ki/home/mgehring/pyperplan-main/benchmarks/psr-small/task41.pddl,11,0.0056
greedy_best_first_search,EuclidianUnequalAxisHeuristic,/gdisk/ki/home/mgehring/pyperplan-main/benchmarks/psr-small/task42.pddl,1459,0.7
greedy_best_first_search,EuclidianUnequalAxisHeuristic,/gdisk/ki/home/mgehring/pyperplan-main/benchmarks/psr-small/task43.pddl,55,0.025
greedy_best_first_search,EuclidianUnequalAxisHeuristic,/gdisk/ki/home/mgehring/pyperplan-main/benchmarks/psr-small/task44.pddl,46,0.024
greedy_best_first_search,EuclidianUnequalAxisHeuristic,/gdisk/ki/home/mgehring/pyperplan-main/benchmarks/psr-small/task45.pddl,34,0.012
greedy_best_first_search,EuclidianUnequalAxisHeuristic,/gdisk/ki/home/mgehring/pyperplan-main/benchmarks/psr-small/task46.pddl,84235,3e+01
greedy_best_first_search,EuclidianUnequalAxisHeuristic,/gdisk/ki/home/mgehring/pyperplan-main/benchmarks/psr-small/task47.pddl,77,0.034
greedy_best_first_search,EuclidianUnequalAxisHeuristic,/gdisk/ki/home/mgehring/pyperplan-main/benchmarks/psr-small/task48.pddl,187,0.2
greedy_best_first_search,EuclidianUnequalAxisHeuristic,/gdisk/ki/home/mgehring/pyperplan-main/benchmarks/psr-small/task49.pddl,347,0.48
greedy_best_first_search,EuclidianUnequalAxisHeuristic,/gdisk/ki/home/mgehring/pyperplan-main/benchmarks/psr-small/task50.pddl,49,0.047
greedy_best_first_search,EuclidianUnequalAxisHeuristic,/gdisk/ki/home/mgehring/pyperplan-main/benchmarks/rovers/task01.pddl,21,0.017
greedy_best_first_search,EuclidianUnequalAxisHeuristic,/gdisk/ki/home/mgehring/pyperplan-main/benchmarks/rovers/task02.pddl,23,0.018
greedy_best_first_search,EuclidianUnequalAxisHeuristic,/gdisk/ki/home/mgehring/pyperplan-main/benchmarks/rovers/task03.pddl,52,0.062
greedy_best_first_search,EuclidianUnequalAxisHeuristic,/gdisk/ki/home/mgehring/pyperplan-main/benchmarks/rovers/task04.pddl,20,0.028
greedy_best_first_search,EuclidianUnequalAxisHeuristic,/gdisk/ki/home/mgehring/pyperplan-main/benchmarks/rovers/task05.pddl,126,0.53
greedy_best_first_search,EuclidianUnequalAxisHeuristic,/gdisk/ki/home/mgehring/pyperplan-main/benchmarks/rovers/task06.pddl,396,1.4
greedy_best_first_search,EuclidianUnequalAxisHeuristic,/gdisk/ki/home/mgehring/pyperplan-main/benchmarks/rovers/task07.pddl,708,2.3
greedy_best_first_search,EuclidianUnequalAxisHeuristic,/gdisk/ki/home/mgehring/pyperplan-main/benchmarks/rovers/task08.pddl,731,7.7
greedy_best_first_search,EuclidianUnequalAxisHeuristic,/gdisk/ki/home/mgehring/pyperplan-main/benchmarks/rovers/task09.pddl,7150,9.1e+01
greedy_best_first_search,EuclidianUnequalAxisHeuristic,/gdisk/ki/home/mgehring/pyperplan-main/benchmarks/rovers/task10.pddl,9561,1.8e+02
greedy_best_first_search,EuclidianUnequalAxisHeuristic,/gdisk/ki/home/mgehring/pyperplan-main/benchmarks/rovers/task11.pddl,17598,1.7e+02
greedy_best_first_search,EuclidianUnequalAxisHeuristic,/gdisk/ki/home/mgehring/pyperplan-main/benchmarks/rovers/task12.pddl,513,5.4
greedy_best_first_search,EuclidianUnequalAxisHeuristic,/gdisk/ki/home/mgehring/pyperplan-main/benchmarks/rovers/task13.pddl,2536,3.4e+01
greedy_best_first_search,EuclidianUnequalAxisHeuristic,/gdisk/ki/home/mgehring/pyperplan-main/benchmarks/rovers/task14.pddl,4949,9.7e+01
greedy_best_first_search,EuclidianUnequalAxisHeuristic,/gdisk/ki/home/mgehring/pyperplan-main/benchmarks/rovers/task15.pddl,30175,7.5e+02
greedy_best_first_search,EuclidianUnequalAxisHeuristic,/gdisk/ki/home/mgehring/pyperplan-main/benchmarks/rovers/task16.pddl,17845,2.7e+02
greedy_best_first_search,EuclidianUnequalAxisHeuristic,/gdisk/ki/home/mgehring/pyperplan-main/benchmarks/rovers/task17.pddl,
greedy_best_first_search,EuclidianUnequalAxisHeuristic,/gdisk/ki/home/mgehring/pyperplan-main/benchmarks/rovers/task18.pddl,
greedy_best_first_search,EuclidianUnequalAxisHeuristic,/gdisk/ki/home/mgehring/pyperplan-main/benchmarks/rovers/task19.pddl,
greedy_best_first_search,EuclidianUnequalAxisHeuristic,/gdisk/ki/home/mgehring/pyperplan-main/benchmarks/rovers/task20.pddl,
greedy_best_first_search,EuclidianUnequalAxisHeuristic,/gdisk/ki/home/mgehring/pyperplan-main/benchmarks/rovers/task21.pddl,
greedy_best_first_search,EuclidianUnequalAxisHeuristic,/gdisk/ki/home/mgehring/pyperplan-main/benchmarks/rovers/task22.pddl,
greedy_best_first_search,EuclidianUnequalAxisHeuristic,/gdisk/ki/home/mgehring/pyperplan-main/benchmarks/rovers/task23.pddl,
greedy_best_first_search,EuclidianUnequalAxisHeuristic,/gdisk/ki/home/mgehring/pyperplan-main/benchmarks/rovers/task24.pddl,
greedy_best_first_search,EuclidianUnequalAxisHeuristic,/gdisk/ki/home/mgehring/pyperplan-main/benchmarks/rovers/task25.pddl,
greedy_best_first_search,EuclidianUnequalAxisHeuristic,/gdisk/ki/home/mgehring/pyperplan-main/benchmarks/rovers/task26.pddl,
greedy_best_first_search,EuclidianUnequalAxisHeuristic,/gdisk/ki/home/mgehring/pyperplan-main/benchmarks/rovers/task27.pddl,
greedy_best_first_search,EuclidianUnequalAxisHeuristic,/gdisk/ki/home/mgehring/pyperplan-main/benchmarks/rovers/task28.pddl,
greedy_best_first_search,EuclidianUnequalAxisHeuristic,/gdisk/ki/home/mgehring/pyperplan-main/benchmarks/rovers/task29.pddl,
greedy_best_first_search,EuclidianUnequalAxisHeuristic,/gdisk/ki/home/mgehring/pyperplan-main/benchmarks/rovers/task30.pddl,
greedy_best_first_search,EuclidianUnequalAxisHeuristic,/gdisk/ki/home/mgehring/pyperplan-main/benchmarks/satellite/task01.pddl,26,0.013
greedy_best_first_search,EuclidianUnequalAxisHeuristic,/gdisk/ki/home/mgehring/pyperplan-main/benchmarks/satellite/task02.pddl,61,0.044
greedy_best_first_search,EuclidianUnequalAxisHeuristic,/gdisk/ki/home/mgehring/pyperplan-main/benchmarks/satellite/task03.pddl,26,0.044
greedy_best_first_search,EuclidianUnequalAxisHeuristic,/gdisk/ki/home/mgehring/pyperplan-main/benchmarks/satellite/task04.pddl,915,2.0
greedy_best_first_search,EuclidianUnequalAxisHeuristic,/gdisk/ki/home/mgehring/pyperplan-main/benchmarks/satellite/task05.pddl,294,1.3
greedy_best_first_search,EuclidianUnequalAxisHeuristic,/gdisk/ki/home/mgehring/pyperplan-main/benchmarks/satellite/task06.pddl,1878,9.4
greedy_best_first_search,EuclidianUnequalAxisHeuristic,/gdisk/ki/home/mgehring/pyperplan-main/benchmarks/satellite/task07.pddl,1104,9.9
greedy_best_first_search,EuclidianUnequalAxisHeuristic,/gdisk/ki/home/mgehring/pyperplan-main/benchmarks/satellite/task08.pddl,14555,2e+02
greedy_best_first_search,EuclidianUnequalAxisHeuristic,/gdisk/ki/home/mgehring/pyperplan-main/benchmarks/satellite/task09.pddl,3741,7.5e+01
greedy_best_first_search,EuclidianUnequalAxisHeuristic,/gdisk/ki/home/mgehring/pyperplan-main/benchmarks/satellite/task10.pddl,10169,2.6e+02
greedy_best_first_search,EuclidianUnequalAxisHeuristic,/gdisk/ki/home/mgehring/pyperplan-main/benchmarks/satellite/task11.pddl,9131,2.9e+02
greedy_best_first_search,EuclidianUnequalAxisHeuristic,/gdisk/ki/home/mgehring/pyperplan-main/benchmarks/satellite/task12.pddl,8772,4.5e+02
greedy_best_first_search,EuclidianUnequalAxisHeuristic,/gdisk/ki/home/mgehring/pyperplan-main/benchmarks/satellite/task13.pddl,
greedy_best_first_search,EuclidianUnequalAxisHeuristic,/gdisk/ki/home/mgehring/pyperplan-main/benchmarks/satellite/task14.pddl,5414,3.6e+02
greedy_best_first_search,EuclidianUnequalAxisHeuristic,/gdisk/ki/home/mgehring/pyperplan-main/benchmarks/satellite/task15.pddl,
greedy_best_first_search,EuclidianUnequalAxisHeuristic,/gdisk/ki/home/mgehring/pyperplan-main/benchmarks/satellite/task16.pddl,
greedy_best_first_search,EuclidianUnequalAxisHeuristic,/gdisk/ki/home/mgehring/pyperplan-main/benchmarks/satellite/task17.pddl,
greedy_best_first_search,EuclidianUnequalAxisHeuristic,/gdisk/ki/home/mgehring/pyperplan-main/benchmarks/satellite/task18.pddl,30299,1.5e+03
greedy_best_first_search,EuclidianUnequalAxisHeuristic,/gdisk/ki/home/mgehring/pyperplan-main/benchmarks/satellite/task19.pddl,
greedy_best_first_search,EuclidianUnequalAxisHeuristic,/gdisk/ki/home/mgehring/pyperplan-main/benchmarks/satellite/task20.pddl,
greedy_best_first_search,EuclidianUnequalAxisHeuristic,/gdisk/ki/home/mgehring/pyperplan-main/benchmarks/scanalyzer/task01.pddl,13,0.022
greedy_best_first_search,EuclidianUnequalAxisHeuristic,/gdisk/ki/home/mgehring/pyperplan-main/benchmarks/scanalyzer/task02.pddl,21,0.025
greedy_best_first_search,EuclidianUnequalAxisHeuristic,/gdisk/ki/home/mgehring/pyperplan-main/benchmarks/scanalyzer/task03.pddl,61,0.059
greedy_best_first_search,EuclidianUnequalAxisHeuristic,/gdisk/ki/home/mgehring/pyperplan-main/benchmarks/scanalyzer/task04.pddl,20,0.087
greedy_best_first_search,EuclidianUnequalAxisHeuristic,/gdisk/ki/home/mgehring/pyperplan-main/benchmarks/scanalyzer/task05.pddl,35,0.099
greedy_best_first_search,EuclidianUnequalAxisHeuristic,/gdisk/ki/home/mgehring/pyperplan-main/benchmarks/scanalyzer/task06.pddl,132,0.31
greedy_best_first_search,EuclidianUnequalAxisHeuristic,/gdisk/ki/home/mgehring/pyperplan-main/benchmarks/scanalyzer/task07.pddl,28,0.27
greedy_best_first_search,EuclidianUnequalAxisHeuristic,/gdisk/ki/home/mgehring/pyperplan-main/benchmarks/scanalyzer/task08.pddl,52,0.31
greedy_best_first_search,EuclidianUnequalAxisHeuristic,/gdisk/ki/home/mgehring/pyperplan-main/benchmarks/scanalyzer/task09.pddl,240,1.2
greedy_best_first_search,EuclidianUnequalAxisHeuristic,/gdisk/ki/home/mgehring/pyperplan-main/benchmarks/scanalyzer/task10.pddl,37,0.72
greedy_best_first_search,EuclidianUnequalAxisHeuristic,/gdisk/ki/home/mgehring/pyperplan-main/benchmarks/scanalyzer/task11.pddl,72,0.83
greedy_best_first_search,EuclidianUnequalAxisHeuristic,/gdisk/ki/home/mgehring/pyperplan-main/benchmarks/scanalyzer/task12.pddl,411,4.1
greedy_best_first_search,EuclidianUnequalAxisHeuristic,/gdisk/ki/home/mgehring/pyperplan-main/benchmarks/scanalyzer/task13.pddl,47,1.7
greedy_best_first_search,EuclidianUnequalAxisHeuristic,/gdisk/ki/home/mgehring/pyperplan-main/benchmarks/scanalyzer/task14.pddl,95,2.0
greedy_best_first_search,EuclidianUnequalAxisHeuristic,/gdisk/ki/home/mgehring/pyperplan-main/benchmarks/scanalyzer/task15.pddl,621,1.1e+01
greedy_best_first_search,EuclidianUnequalAxisHeuristic,/gdisk/ki/home/mgehring/pyperplan-main/benchmarks/scanalyzer/task16.pddl,58,3.7
greedy_best_first_search,EuclidianUnequalAxisHeuristic,/gdisk/ki/home/mgehring/pyperplan-main/benchmarks/scanalyzer/task17.pddl,121,4.3
greedy_best_first_search,EuclidianUnequalAxisHeuristic,/gdisk/ki/home/mgehring/pyperplan-main/benchmarks/scanalyzer/task18.pddl,846,2.7e+01
greedy_best_first_search,EuclidianUnequalAxisHeuristic,/gdisk/ki/home/mgehring/pyperplan-main/benchmarks/scanalyzer/task19.pddl,70,7.1
greedy_best_first_search,EuclidianUnequalAxisHeuristic,/gdisk/ki/home/mgehring/pyperplan-main/benchmarks/scanalyzer/task20.pddl,150,8.6
greedy_best_first_search,EuclidianUnequalAxisHeuristic,/gdisk/ki/home/mgehring/pyperplan-main/benchmarks/scanalyzer/task21.pddl,1218,6.3e+01
greedy_best_first_search,EuclidianUnequalAxisHeuristic,/gdisk/ki/home/mgehring/pyperplan-main/benchmarks/scanalyzer/task22.pddl,7,0.0027
greedy_best_first_search,EuclidianUnequalAxisHeuristic,/gdisk/ki/home/mgehring/pyperplan-main/benchmarks/scanalyzer/task23.pddl,7,0.0051
greedy_best_first_search,EuclidianUnequalAxisHeuristic,/gdisk/ki/home/mgehring/pyperplan-main/benchmarks/scanalyzer/task24.pddl,7,0.003
greedy_best_first_search,EuclidianUnequalAxisHeuristic,/gdisk/ki/home/mgehring/pyperplan-main/benchmarks/scanalyzer/task25.pddl,20,0.3
greedy_best_first_search,EuclidianUnequalAxisHeuristic,/gdisk/ki/home/mgehring/pyperplan-main/benchmarks/scanalyzer/task26.pddl,50,0.47
greedy_best_first_search,EuclidianUnequalAxisHeuristic,/gdisk/ki/home/mgehring/pyperplan-main/benchmarks/scanalyzer/task27.pddl,147,1.1
greedy_best_first_search,EuclidianUnequalAxisHeuristic,/gdisk/ki/home/mgehring/pyperplan-main/benchmarks/scanalyzer/task28.pddl,44,6.3
greedy_best_first_search,EuclidianUnequalAxisHeuristic,/gdisk/ki/home/mgehring/pyperplan-main/benchmarks/scanalyzer/task29.pddl,118,1.1e+01
greedy_best_first_search,EuclidianUnequalAxisHeuristic,/gdisk/ki/home/mgehring/pyperplan-main/benchmarks/scanalyzer/task30.pddl,530,4e+01
greedy_best_first_search,EuclidianUnequalAxisHeuristic,/gdisk/ki/home/mgehring/pyperplan-main/benchmarks/sokoban/task01.pddl,325,0.27
greedy_best_first_search,EuclidianUnequalAxisHeuristic,/gdisk/ki/home/mgehring/pyperplan-main/benchmarks/sokoban/task02.pddl,416,0.19
greedy_best_first_search,EuclidianUnequalAxisHeuristic,/gdisk/ki/home/mgehring/pyperplan-main/benchmarks/sokoban/task03.pddl,202,0.069
greedy_best_first_search,EuclidianUnequalAxisHeuristic,/gdisk/ki/home/mgehring/pyperplan-main/benchmarks/sokoban/task04.pddl,34877,3.1e+01
greedy_best_first_search,EuclidianUnequalAxisHeuristic,/gdisk/ki/home/mgehring/pyperplan-main/benchmarks/sokoban/task05.pddl,
greedy_best_first_search,EuclidianUnequalAxisHeuristic,/gdisk/ki/home/mgehring/pyperplan-main/benchmarks/sokoban/task06.pddl,6396,3.1
greedy_best_first_search,EuclidianUnequalAxisHeuristic,/gdisk/ki/home/mgehring/pyperplan-main/benchmarks/sokoban/task07.pddl,2497,5.0
greedy_best_first_search,EuclidianUnequalAxisHeuristic,/gdisk/ki/home/mgehring/pyperplan-main/benchmarks/sokoban/task08.pddl,1094776,1.4e+03
greedy_best_first_search,EuclidianUnequalAxisHeuristic,/gdisk/ki/home/mgehring/pyperplan-main/benchmarks/sokoban/task09.pddl,42855,6.1e+01
greedy_best_first_search,EuclidianUnequalAxisHeuristic,/gdisk/ki/home/mgehring/pyperplan-main/benchmarks/sokoban/task10.pddl,247888,4.2e+02
greedy_best_first_search,EuclidianUnequalAxisHeuristic,/gdisk/ki/home/mgehring/pyperplan-main/benchmarks/sokoban/task11.pddl,108059,2.2e+02
greedy_best_first_search,EuclidianUnequalAxisHeuristic,/gdisk/ki/home/mgehring/pyperplan-main/benchmarks/sokoban/task12.pddl,
greedy_best_first_search,EuclidianUnequalAxisHeuristic,/gdisk/ki/home/mgehring/pyperplan-main/benchmarks/sokoban/task13.pddl,
greedy_best_first_search,EuclidianUnequalAxisHeuristic,/gdisk/ki/home/mgehring/pyperplan-main/benchmarks/sokoban/task14.pddl,28734,2.4e+01
greedy_best_first_search,EuclidianUnequalAxisHeuristic,/gdisk/ki/home/mgehring/pyperplan-main/benchmarks/sokoban/task15.pddl,
greedy_best_first_search,EuclidianUnequalAxisHeuristic,/gdisk/ki/home/mgehring/pyperplan-main/benchmarks/sokoban/task16.pddl,
greedy_best_first_search,EuclidianUnequalAxisHeuristic,/gdisk/ki/home/mgehring/pyperplan-main/benchmarks/sokoban/task17.pddl,91353,1.8e+02
greedy_best_first_search,EuclidianUnequalAxisHeuristic,/gdisk/ki/home/mgehring/pyperplan-main/benchmarks/sokoban/task18.pddl,
greedy_best_first_search,EuclidianUnequalAxisHeuristic,/gdisk/ki/home/mgehring/pyperplan-main/benchmarks/sokoban/task19.pddl,
greedy_best_first_search,EuclidianUnequalAxisHeuristic,/gdisk/ki/home/mgehring/pyperplan-main/benchmarks/sokoban/task20.pddl,3024,1.8e+01
greedy_best_first_search,EuclidianUnequalAxisHeuristic,/gdisk/ki/home/mgehring/pyperplan-main/benchmarks/sokoban/task21.pddl,2459,6.7
greedy_best_first_search,EuclidianUnequalAxisHeuristic,/gdisk/ki/home/mgehring/pyperplan-main/benchmarks/sokoban/task22.pddl,467559,9e+02
greedy_best_first_search,EuclidianUnequalAxisHeuristic,/gdisk/ki/home/mgehring/pyperplan-main/benchmarks/sokoban/task23.pddl,8711,1.3e+01
greedy_best_first_search,EuclidianUnequalAxisHeuristic,/gdisk/ki/home/mgehring/pyperplan-main/benchmarks/sokoban/task24.pddl,
greedy_best_first_search,EuclidianUnequalAxisHeuristic,/gdisk/ki/home/mgehring/pyperplan-main/benchmarks/sokoban/task25.pddl,1068551,1.6e+03
greedy_best_first_search,EuclidianUnequalAxisHeuristic,/gdisk/ki/home/mgehring/pyperplan-main/benchmarks/sokoban/task26.pddl,
greedy_best_first_search,EuclidianUnequalAxisHeuristic,/gdisk/ki/home/mgehring/pyperplan-main/benchmarks/sokoban/task27.pddl,
greedy_best_first_search,EuclidianUnequalAxisHeuristic,/gdisk/ki/home/mgehring/pyperplan-main/benchmarks/sokoban/task28.pddl,
greedy_best_first_search,EuclidianUnequalAxisHeuristic,/gdisk/ki/home/mgehring/pyperplan-main/benchmarks/sokoban/task29.pddl,
greedy_best_first_search,EuclidianUnequalAxisHeuristic,/gdisk/ki/home/mgehring/pyperplan-main/benchmarks/sokoban/task30.pddl,
greedy_best_first_search,EuclidianUnequalAxisHeuristic,/gdisk/ki/home/mgehring/pyperplan-main/benchmarks/tpp/task01.pddl,7,0.0014
greedy_best_first_search,EuclidianUnequalAxisHeuristic,/gdisk/ki/home/mgehring/pyperplan-main/benchmarks/tpp/task02.pddl,16,0.0025
greedy_best_first_search,EuclidianUnequalAxisHeuristic,/gdisk/ki/home/mgehring/pyperplan-main/benchmarks/tpp/task03.pddl,28,0.0059
greedy_best_first_search,EuclidianUnequalAxisHeuristic,/gdisk/ki/home/mgehring/pyperplan-main/benchmarks/tpp/task04.pddl,43,0.0098
greedy_best_first_search,EuclidianUnequalAxisHeuristic,/gdisk/ki/home/mgehring/pyperplan-main/benchmarks/tpp/task05.pddl,366,0.3
greedy_best_first_search,EuclidianUnequalAxisHeuristic,/gdisk/ki/home/mgehring/pyperplan-main/benchmarks/tpp/task06.pddl,2138,4.3
greedy_best_first_search,EuclidianUnequalAxisHeuristic,/gdisk/ki/home/mgehring/pyperplan-main/benchmarks/tpp/task07.pddl,47638,1.3e+02
greedy_best_first_search,EuclidianUnequalAxisHeuristic,/gdisk/ki/home/mgehring/pyperplan-main/benchmarks/tpp/task08.pddl,258089,9.2e+02
greedy_best_first_search,EuclidianUnequalAxisHeuristic,/gdisk/ki/home/mgehring/pyperplan-main/benchmarks/tpp/task09.pddl,
greedy_best_first_search,EuclidianUnequalAxisHeuristic,/gdisk/ki/home/mgehring/pyperplan-main/benchmarks/tpp/task10.pddl,
greedy_best_first_search,EuclidianUnequalAxisHeuristic,/gdisk/ki/home/mgehring/pyperplan-main/benchmarks/tpp/task11.pddl,
greedy_best_first_search,EuclidianUnequalAxisHeuristic,/gdisk/ki/home/mgehring/pyperplan-main/benchmarks/tpp/task12.pddl,
greedy_best_first_search,EuclidianUnequalAxisHeuristic,/gdisk/ki/home/mgehring/pyperplan-main/benchmarks/tpp/task13.pddl,
greedy_best_first_search,EuclidianUnequalAxisHeuristic,/gdisk/ki/home/mgehring/pyperplan-main/benchmarks/tpp/task14.pddl,
greedy_best_first_search,EuclidianUnequalAxisHeuristic,/gdisk/ki/home/mgehring/pyperplan-main/benchmarks/tpp/task15.pddl,
greedy_best_first_search,EuclidianUnequalAxisHeuristic,/gdisk/ki/home/mgehring/pyperplan-main/benchmarks/tpp/task16.pddl,
greedy_best_first_search,EuclidianUnequalAxisHeuristic,/gdisk/ki/home/mgehring/pyperplan-main/benchmarks/tpp/task17.pddl,
greedy_best_first_search,EuclidianUnequalAxisHeuristic,/gdisk/ki/home/mgehring/pyperplan-main/benchmarks/tpp/task18.pddl,
greedy_best_first_search,EuclidianUnequalAxisHeuristic,/gdisk/ki/home/mgehring/pyperplan-main/benchmarks/tpp/task19.pddl,
greedy_best_first_search,EuclidianUnequalAxisHeuristic,/gdisk/ki/home/mgehring/pyperplan-main/benchmarks/tpp/task20.pddl,
greedy_best_first_search,EuclidianUnequalAxisHeuristic,/gdisk/ki/home/mgehring/pyperplan-main/benchmarks/tpp/task21.pddl,
greedy_best_first_search,EuclidianUnequalAxisHeuristic,/gdisk/ki/home/mgehring/pyperplan-main/benchmarks/tpp/task22.pddl,
greedy_best_first_search,EuclidianUnequalAxisHeuristic,/gdisk/ki/home/mgehring/pyperplan-main/benchmarks/tpp/task23.pddl,
greedy_best_first_search,EuclidianUnequalAxisHeuristic,/gdisk/ki/home/mgehring/pyperplan-main/benchmarks/tpp/task24.pddl,
greedy_best_first_search,EuclidianUnequalAxisHeuristic,/gdisk/ki/home/mgehring/pyperplan-main/benchmarks/tpp/task25.pddl,
greedy_best_first_search,EuclidianUnequalAxisHeuristic,/gdisk/ki/home/mgehring/pyperplan-main/benchmarks/tpp/task26.pddl,
greedy_best_first_search,EuclidianUnequalAxisHeuristic,/gdisk/ki/home/mgehring/pyperplan-main/benchmarks/tpp/task27.pddl,
greedy_best_first_search,EuclidianUnequalAxisHeuristic,/gdisk/ki/home/mgehring/pyperplan-main/benchmarks/tpp/task28.pddl,
greedy_best_first_search,EuclidianUnequalAxisHeuristic,/gdisk/ki/home/mgehring/pyperplan-main/benchmarks/tpp/task29.pddl,
greedy_best_first_search,EuclidianUnequalAxisHeuristic,/gdisk/ki/home/mgehring/pyperplan-main/benchmarks/tpp/task30.pddl,
greedy_best_first_search,EuclidianUnequalAxisHeuristic,/gdisk/ki/home/mgehring/pyperplan-main/benchmarks/transport/task01.pddl,28,0.011
greedy_best_first_search,EuclidianUnequalAxisHeuristic,/gdisk/ki/home/mgehring/pyperplan-main/benchmarks/transport/task02.pddl,199,0.11
greedy_best_first_search,EuclidianUnequalAxisHeuristic,/gdisk/ki/home/mgehring/pyperplan-main/benchmarks/transport/task03.pddl,343,0.35
greedy_best_first_search,EuclidianUnequalAxisHeuristic,/gdisk/ki/home/mgehring/pyperplan-main/benchmarks/transport/task04.pddl,723,1.1
greedy_best_first_search,EuclidianUnequalAxisHeuristic,/gdisk/ki/home/mgehring/pyperplan-main/benchmarks/transport/task05.pddl,1066,2.5
greedy_best_first_search,EuclidianUnequalAxisHeuristic,/gdisk/ki/home/mgehring/pyperplan-main/benchmarks/transport/task06.pddl,9957,4.5e+01
greedy_best_first_search,EuclidianUnequalAxisHeuristic,/gdisk/ki/home/mgehring/pyperplan-main/benchmarks/transport/task07.pddl,39067,2.2e+02
greedy_best_first_search,EuclidianUnequalAxisHeuristic,/gdisk/ki/home/mgehring/pyperplan-main/benchmarks/transport/task08.pddl,47236,3.3e+02
greedy_best_first_search,EuclidianUnequalAxisHeuristic,/gdisk/ki/home/mgehring/pyperplan-main/benchmarks/transport/task09.pddl,72951,6.8e+02
greedy_best_first_search,EuclidianUnequalAxisHeuristic,/gdisk/ki/home/mgehring/pyperplan-main/benchmarks/transport/task10.pddl,130508,1.6e+03
greedy_best_first_search,EuclidianUnequalAxisHeuristic,/gdisk/ki/home/mgehring/pyperplan-main/benchmarks/transport/task11.pddl,92,0.034
greedy_best_first_search,EuclidianUnequalAxisHeuristic,/gdisk/ki/home/mgehring/pyperplan-main/benchmarks/transport/task12.pddl,381,0.28
greedy_best_first_search,EuclidianUnequalAxisHeuristic,/gdisk/ki/home/mgehring/pyperplan-main/benchmarks/transport/task13.pddl,1871,2.2
greedy_best_first_search,EuclidianUnequalAxisHeuristic,/gdisk/ki/home/mgehring/pyperplan-main/benchmarks/transport/task14.pddl,3303,5.6
greedy_best_first_search,EuclidianUnequalAxisHeuristic,/gdisk/ki/home/mgehring/pyperplan-main/benchmarks/transport/task15.pddl,6143,1.5e+01
greedy_best_first_search,EuclidianUnequalAxisHeuristic,/gdisk/ki/home/mgehring/pyperplan-main/benchmarks/transport/task16.pddl,111480,7.8e+02
greedy_best_first_search,EuclidianUnequalAxisHeuristic,/gdisk/ki/home/mgehring/pyperplan-main/benchmarks/transport/task17.pddl,
greedy_best_first_search,EuclidianUnequalAxisHeuristic,/gdisk/ki/home/mgehring/pyperplan-main/benchmarks/transport/task18.pddl,
greedy_best_first_search,EuclidianUnequalAxisHeuristic,/gdisk/ki/home/mgehring/pyperplan-main/benchmarks/transport/task19.pddl,
greedy_best_first_search,EuclidianUnequalAxisHeuristic,/gdisk/ki/home/mgehring/pyperplan-main/benchmarks/transport/task20.pddl,
greedy_best_first_search,EuclidianUnequalAxisHeuristic,/gdisk/ki/home/mgehring/pyperplan-main/benchmarks/transport/task21.pddl,37,0.018
greedy_best_first_search,EuclidianUnequalAxisHeuristic,/gdisk/ki/home/mgehring/pyperplan-main/benchmarks/transport/task22.pddl,131,0.077
greedy_best_first_search,EuclidianUnequalAxisHeuristic,/gdisk/ki/home/mgehring/pyperplan-main/benchmarks/transport/task23.pddl,385,0.33
greedy_best_first_search,EuclidianUnequalAxisHeuristic,/gdisk/ki/home/mgehring/pyperplan-main/benchmarks/transport/task24.pddl,647,0.85
greedy_best_first_search,EuclidianUnequalAxisHeuristic,/gdisk/ki/home/mgehring/pyperplan-main/benchmarks/transport/task25.pddl,1579,3.0
greedy_best_first_search,EuclidianUnequalAxisHeuristic,/gdisk/ki/home/mgehring/pyperplan-main/benchmarks/transport/task26.pddl,9190,4.5e+01
greedy_best_first_search,EuclidianUnequalAxisHeuristic,/gdisk/ki/home/mgehring/pyperplan-main/benchmarks/transport/task27.pddl,5297,3.2e+01
greedy_best_first_search,EuclidianUnequalAxisHeuristic,/gdisk/ki/home/mgehring/pyperplan-main/benchmarks/transport/task28.pddl,115308,9.3e+02
greedy_best_first_search,EuclidianUnequalAxisHeuristic,/gdisk/ki/home/mgehring/pyperplan-main/benchmarks/transport/task29.pddl,68263,6.7e+02
greedy_best_first_search,EuclidianUnequalAxisHeuristic,/gdisk/ki/home/mgehring/pyperplan-main/benchmarks/transport/task30.pddl,79029,9.9e+02
greedy_best_first_search,EuclidianUnequalAxisHeuristic,/gdisk/ki/home/mgehring/pyperplan-main/benchmarks/woodworking/task01.pddl,40,0.045
greedy_best_first_search,EuclidianUnequalAxisHeuristic,/gdisk/ki/home/mgehring/pyperplan-main/benchmarks/woodworking/task02.pddl,12,0.018
greedy_best_first_search,EuclidianUnequalAxisHeuristic,/gdisk/ki/home/mgehring/pyperplan-main/benchmarks/woodworking/task03.pddl,229,0.61
greedy_best_first_search,EuclidianUnequalAxisHeuristic,/gdisk/ki/home/mgehring/pyperplan-main/benchmarks/woodworking/task04.pddl,171,0.8
greedy_best_first_search,EuclidianUnequalAxisHeuristic,/gdisk/ki/home/mgehring/pyperplan-main/benchmarks/woodworking/task05.pddl,39,0.31
greedy_best_first_search,EuclidianUnequalAxisHeuristic,/gdisk/ki/home/mgehring/pyperplan-main/benchmarks/woodworking/task06.pddl,2998,2.6e+01
greedy_best_first_search,EuclidianUnequalAxisHeuristic,/gdisk/ki/home/mgehring/pyperplan-main/benchmarks/woodworking/task07.pddl,81,0.76
greedy_best_first_search,EuclidianUnequalAxisHeuristic,/gdisk/ki/home/mgehring/pyperplan-main/benchmarks/woodworking/task08.pddl,2553,4.8e+01
greedy_best_first_search,EuclidianUnequalAxisHeuristic,/gdisk/ki/home/mgehring/pyperplan-main/benchmarks/woodworking/task09.pddl,72,1.1
greedy_best_first_search,EuclidianUnequalAxisHeuristic,/gdisk/ki/home/mgehring/pyperplan-main/benchmarks/woodworking/task10.pddl,3965,1.1e+02
greedy_best_first_search,EuclidianUnequalAxisHeuristic,/gdisk/ki/home/mgehring/pyperplan-main/benchmarks/woodworking/task11.pddl,23,0.033
greedy_best_first_search,EuclidianUnequalAxisHeuristic,/gdisk/ki/home/mgehring/pyperplan-main/benchmarks/woodworking/task12.pddl,31,0.062
greedy_best_first_search,EuclidianUnequalAxisHeuristic,/gdisk/ki/home/mgehring/pyperplan-main/benchmarks/woodworking/task13.pddl,63,0.19
greedy_best_first_search,EuclidianUnequalAxisHeuristic,/gdisk/ki/home/mgehring/pyperplan-main/benchmarks/woodworking/task14.pddl,79,0.46
greedy_best_first_search,EuclidianUnequalAxisHeuristic,/gdisk/ki/home/mgehring/pyperplan-main/benchmarks/woodworking/task15.pddl,25,0.24
greedy_best_first_search,EuclidianUnequalAxisHeuristic,/gdisk/ki/home/mgehring/pyperplan-main/benchmarks/woodworking/task16.pddl,2763,2e+01
greedy_best_first_search,EuclidianUnequalAxisHeuristic,/gdisk/ki/home/mgehring/pyperplan-main/benchmarks/woodworking/task17.pddl,1053,1.3e+01
greedy_best_first_search,EuclidianUnequalAxisHeuristic,/gdisk/ki/home/mgehring/pyperplan-main/benchmarks/woodworking/task18.pddl,5318,6.6e+01
greedy_best_first_search,EuclidianUnequalAxisHeuristic,/gdisk/ki/home/mgehring/pyperplan-main/benchmarks/woodworking/task19.pddl,411,6.9
greedy_best_first_search,EuclidianUnequalAxisHeuristic,/gdisk/ki/home/mgehring/pyperplan-main/benchmarks/woodworking/task20.pddl,
greedy_best_first_search,EuclidianUnequalAxisHeuristic,/gdisk/ki/home/mgehring/pyperplan-main/benchmarks/woodworking/task21.pddl,6,0.0094
greedy_best_first_search,EuclidianUnequalAxisHeuristic,/gdisk/ki/home/mgehring/pyperplan-main/benchmarks/woodworking/task22.pddl,16,0.038
greedy_best_first_search,EuclidianUnequalAxisHeuristic,/gdisk/ki/home/mgehring/pyperplan-main/benchmarks/woodworking/task23.pddl,13,0.034
greedy_best_first_search,EuclidianUnequalAxisHeuristic,/gdisk/ki/home/mgehring/pyperplan-main/benchmarks/woodworking/task24.pddl,69,0.28
greedy_best_first_search,EuclidianUnequalAxisHeuristic,/gdisk/ki/home/mgehring/pyperplan-main/benchmarks/woodworking/task25.pddl,115,0.72
greedy_best_first_search,EuclidianUnequalAxisHeuristic,/gdisk/ki/home/mgehring/pyperplan-main/benchmarks/woodworking/task26.pddl,30,0.43
greedy_best_first_search,EuclidianUnequalAxisHeuristic,/gdisk/ki/home/mgehring/pyperplan-main/benchmarks/woodworking/task27.pddl,170007,1.6e+03
greedy_best_first_search,EuclidianUnequalAxisHeuristic,/gdisk/ki/home/mgehring/pyperplan-main/benchmarks/woodworking/task28.pddl,
greedy_best_first_search,EuclidianUnequalAxisHeuristic,/gdisk/ki/home/mgehring/pyperplan-main/benchmarks/woodworking/task29.pddl,132,3.7
greedy_best_first_search,EuclidianUnequalAxisHeuristic,/gdisk/ki/home/mgehring/pyperplan-main/benchmarks/woodworking/task30.pddl,15157,3.4e+02
greedy_best_first_search,EuclidianUnequalAxisHeuristic,/gdisk/ki/home/mgehring/pyperplan-main/benchmarks/zenotravel/task01.pddl,2,0.0048
greedy_best_first_search,EuclidianUnequalAxisHeuristic,/gdisk/ki/home/mgehring/pyperplan-main/benchmarks/zenotravel/task02.pddl,27,0.013
greedy_best_first_search,EuclidianUnequalAxisHeuristic,/gdisk/ki/home/mgehring/pyperplan-main/benchmarks/zenotravel/task03.pddl,31,0.043
greedy_best_first_search,EuclidianUnequalAxisHeuristic,/gdisk/ki/home/mgehring/pyperplan-main/benchmarks/zenotravel/task04.pddl,175,0.21
greedy_best_first_search,EuclidianUnequalAxisHeuristic,/gdisk/ki/home/mgehring/pyperplan-main/benchmarks/zenotravel/task05.pddl,143,0.16
greedy_best_first_search,EuclidianUnequalAxisHeuristic,/gdisk/ki/home/mgehring/pyperplan-main/benchmarks/zenotravel/task06.pddl,308,0.51
greedy_best_first_search,EuclidianUnequalAxisHeuristic,/gdisk/ki/home/mgehring/pyperplan-main/benchmarks/zenotravel/task07.pddl,454,0.62
greedy_best_first_search,EuclidianUnequalAxisHeuristic,/gdisk/ki/home/mgehring/pyperplan-main/benchmarks/zenotravel/task08.pddl,418,1.4
greedy_best_first_search,EuclidianUnequalAxisHeuristic,/gdisk/ki/home/mgehring/pyperplan-main/benchmarks/zenotravel/task09.pddl,2084,7.0
greedy_best_first_search,EuclidianUnequalAxisHeuristic,/gdisk/ki/home/mgehring/pyperplan-main/benchmarks/zenotravel/task10.pddl,716,2.4
greedy_best_first_search,EuclidianUnequalAxisHeuristic,/gdisk/ki/home/mgehring/pyperplan-main/benchmarks/zenotravel/task11.pddl,1360,7.7
greedy_best_first_search,EuclidianUnequalAxisHeuristic,/gdisk/ki/home/mgehring/pyperplan-main/benchmarks/zenotravel/task12.pddl,1363,5.9
greedy_best_first_search,EuclidianUnequalAxisHeuristic,/gdisk/ki/home/mgehring/pyperplan-main/benchmarks/zenotravel/task13.pddl,2740,1.9e+01
greedy_best_first_search,EuclidianUnequalAxisHeuristic,/gdisk/ki/home/mgehring/pyperplan-main/benchmarks/zenotravel/task14.pddl,16723,4.5e+02
greedy_best_first_search,EuclidianUnequalAxisHeuristic,/gdisk/ki/home/mgehring/pyperplan-main/benchmarks/zenotravel/task15.pddl,33291,5.9e+02
greedy_best_first_search,EuclidianUnequalAxisHeuristic,/gdisk/ki/home/mgehring/pyperplan-main/benchmarks/zenotravel/task16.pddl,36262,1.7e+03
greedy_best_first_search,EuclidianUnequalAxisHeuristic,/gdisk/ki/home/mgehring/pyperplan-main/benchmarks/zenotravel/task17.pddl,
greedy_best_first_search,EuclidianUnequalAxisHeuristic,/gdisk/ki/home/mgehring/pyperplan-main/benchmarks/zenotravel/task18.pddl,
greedy_best_first_search,EuclidianUnequalAxisHeuristic,/gdisk/ki/home/mgehring/pyperplan-main/benchmarks/zenotravel/task19.pddl,
greedy_best_first_search,EuclidianUnequalAxisHeuristic,/gdisk/ki/home/mgehring/pyperplan-main/benchmarks/zenotravel/task20.pddl,